"","Name","Address","City","State","Zip","Phone_Number"
"1","ENGLISH ROSE BED & BREAKFAST","116 S TAYLOR ST","SOUTH BEND","IN","46601","(574) 232-0640"
"2","BTB CATER INC","1530 S MAIN ST","SOUTH BEND","IN","46613","(574) 807-8112"
"3","COLD STONE CREAMERY","1290 E IRELAND RD","SOUTH BEND","IN","46614","(574) 231-9863"
"4","GOWDY'S FISHERY","3307 W SAMPLE ST","SOUTH BEND","IN","46619","(574) 232-8858"
"5","SOUTH BEND PIZZA & DELI","1615 MIAMI ST","SOUTH BEND","IN","46613","(574) 234-3006"
"6","D.A.V. WHITE EAGLE POST #39","618 PULASKI ST","SOUTH BEND","IN","46619","(574) 237-9400"
"7","FRANKS FOR THE MEMORIES HOT DO","0 OUTSIDE CITY LIMITS","SOUTH BEND","IN","46601","(000) 000-0000"
"8","RICO'S FILLING STATION & GRILL","1841 SOUTH BEND AVE","SOUTH BEND","IN","46637-5637","(574) 299-8900"
"9","SANGRIAS WINE BAR","123 N MICHIGAN ST","SOUTH BEND","IN","46601","(574) 232-9463"
"10","ONE STOP #4","6301 US 31 S","SOUTH BEND","IN","46614","(574) 231-9671"
"11","J & W TASTE OF NEW ORLEANS","1212 BEYER AVE","SOUTH BEND","IN","46615-1110","(574) 289-9237"
"12","FIX COFFEE HOUSE/JOYFULL NOISE","2406 MISHAWAKA AVE","SOUTH BEND","IN","46615","(574) 288-3499"
"13","GOLDEN GNOME","1902 SOUTH BEND AVE","SOUTH BEND","IN","46617","(574) 277-6651"
"14","AGAVE 53","119 N MICHIGAN ST","SOUTH BEND","IN","46601","(574) 232-9463"
"15","STARLITE PIZZA - DONT USE","932 E IRELAND RD","SOUTH BEND","IN","46614","(574) 291-5757"
"16","KILDARE'S NOTRE DAME","1044 E ANGELA BLVD","SOUTH BEND","IN","46617","(574) 251-0355"
"17","BRUNOS PIZZA","4505 AMERITECH DR","SOUTH BEND","IN","46628","(574) 247-9999"
"18","TACO BELL #3004041","3208 LINCOLN WAY W","SOUTH BEND","IN","46628-1451","(503) 722-2825"
"19","PORTAGE CAFE","1519 PORTAGE AVE","SOUTH BEND","IN","46617","(574) 288-2867"
"20","ALL OCCASIONS CATERING, INC","1430 N IRONWOOD DR","SOUTH BEND","IN","46635","(574) 274-3207"
"21","REGGIO'S EXPRESS","1631 EDISON RD","SOUTH BEND","IN","46637","(574) 271-6930"
"22","SOUTHERN STYLE COOKIN'","3314 PORTAGE AVE","SOUTH BEND","IN","46628","(574) 243-1500"
"23","SWEET FROG PREMIUM FROZEN YOGU","560 W IRELAND RD","SOUTH BEND","IN","46614","(574) 855-1120"
"24","WORLDS FAMOUS FRANKIE'S B-B-Q","1132 SOUTH BEND AVE","SOUTH BEND","IN","46617","(574) 303-6878"
"25","VEGETABLE BUDDIES INC.","129 N MICHIGAN ST","SOUTH BEND","IN","46601","(574) 232-0954"
"26","TEQUILAS RESTAURANT & BAR","2644 W WESTERN AVE","SOUTH BEND","IN","46619-3126","(574) 234-9810"
"27","NEW YORK BOYS PIZZA","910 E IRELAND RD","SOUTH BEND","IN","46614","(574) 217-7528"
"28","BURRITO CHULO","1740 SOUTH BEND AVE","SOUTH BEND","IN","46637","(269) 436-8136"
"29","SUBWAY OF SOUTH BEND III, INC","1110 E IRELAND RD","SOUTH BEND","IN","46614","(574) 291-0354"
"30","T & T ICE CREAM","1631 LINDEN AVE","SOUTH BEND","IN","46628","(574) 315-4041"
"31","BRYAN'S PIANO BARR","2410 MISHAWAKA AVE","SOUTH BEND","IN","46615","(574) 251-0542"
"32","STUDEBAGEL'S","1801 SOUTH BEND AVE","SOUTH BEND","IN","46637","(574) 277-4440"
"33","CRAIG'S SERVICE CENTER","5307 W WESTERN AVE","SOUTH BEND","IN","46619","(574) 288-9110"
"34","COLFAX CAFE AND RESTAURANT","808 E COLFAX AVE","SOUTH BEND","IN","46617","(574) 234-9760"
"35","ANTONIO'S","2227 FRANKLIN ST","SOUTH BEND","IN","46613","(574) 233-6114"
"36","BUFFALO WILD WINGS / BW-3-DONT","123 W WASHINGTON ST","SOUTH BEND","IN","46601","(574) 232-2293"
"37","SHOWPLACE 16 - 8881","450 W CHIPPEWA AVE","SOUTH BEND","IN","46614","(574) 299-6060"
"38","TAQUERIA LOS GARCIAS-DO NOT US","1140 W WESTERN AVE","SOUTH BEND","IN","46619","(574) 217-7663"
"39","OH MAMMA'S ITALIAN DELI","1105 NORTHSIDE BLVD","SOUTH BEND","IN","46615","(574) 276-6918"
"40","SAINT MARGARET'S HOUSE","117 N LAFAYETTE BLVD","SOUTH BEND","IN","46601","(574) 234-7795"
"41","THE STATE CAFE & CATERING","117 E WAYNE ST","SOUTH BEND","IN","46601","(574) 234-0030"
"42","TACO BELL #3004058","5131 W WESTERN AVE","SOUTH BEND","IN","46619","(503) 722-2825"
"43","TACO BELL #3004039","6225 W BRICK RD","SOUTH BEND","IN","46628","(503) 722-2825"
"44","HOOSIER WINGS & MORE","1835 LINCOLN WAY E","SOUTH BEND","IN","46613","(574) 232-0457"
"45","BLAZE MIDWEST INC.","1234 N EDDY ST","SOUTH BEND","IN","46617","(989) 422-3534"
"46","KICK BACK BAR & GRILL","643 LA PORTE AVE","SOUTH BEND","IN","46628","(574) 703-7170"
"47","FLAMINGO INC.","425 S MAIN ST","SOUTH BEND","IN","46601","(574) 234-1546"
"48","KOSHER FOOD SERVICE","3207 HIGH ST","SOUTH BEND","IN","46614","(574) 231-5168"
"49","STARBUCKS","123 N SAINT JOSEPH ST","SOUTH BEND","IN","46601","(574) 245-7274"
"50","CAMBODIAN THAI RESTAURANT","235 S MICHIGAN ST","SOUTH BEND","IN","46601","(574) 289-2877"
"51","SWEET STREET CORNER COFFEE","1105 NORTHSIDE BLVD","SOUTH BEND","IN","46615","(574) 287-8724"
"52","THE DUNHAM INN","1502 DUNHAM ST","SOUTH BEND","IN","46619","(000) 000-0000"
"53","CICI'S PIZZA","1290 E IRELAND RD","SOUTH BEND","IN","46614","(574) 231-1200"
"54","YMCA OF MICHIANA INC","3300 W SAMPLE ST","SOUTH BEND","IN",NA,"(574) 287-9622"
"55","LINCOLNWAY GRILL","1003 LINCOLN WAY W","SOUTH BEND","IN","46616-1147","(574) 233-7814"
"56","SUBWAY OF SOUTH BEND VIII, INC","1706 SOUTH BEND AVE","SOUTH BEND","IN","46635","(574) 243-7738"
"57","THE WING NUT","1835 LINCOLN WAY E","SOUTH BEND","IN","46613","(574) 232-0457"
"58","JAMISON INN","1404 IVY CT","SOUTH BEND","IN","46637","(574) 277-6500"
"59","RIPPLES BAR & GRILL","2035 S MICHIGAN ST","SOUTH BEND","IN","46613-2326","(574) 233-3521"
"60","SAMUEL MANCINOS - DO NOT USE","3302 PORTAGE AVE","SOUTH BEND","IN","46628","(574) 271-3650"
"61","SANTA CRUZ CATERING/RESTAURANT","618 PULASKI ST","SOUTH BEND","IN","46619","(574) 289-7650"
"62","V.F.W. POST 1167","1047 LINCOLN WAY E","SOUTH BEND","IN","46601","(574) 287-8144"
"63","CHICORY CAFE","105 E JEFFERSON BLVD","SOUTH BEND","IN","46601","(574) 234-1141"
"64","MARK'S RESTAURANT","112 W COLFAX AVE","SOUTH BEND","IN","46601","(574) 234-1604"
"65","R.A. MINI MART","2324 ELWOOD AVE","SOUTH BEND","IN","46628","(574) 287-7317"
"66","RATHSKELLER","401 N HICKORY RD","SOUTH BEND","IN","46615","(574) 233-0300"
"67","BIGGBY COFFEE","1130 E ANGELA BLVD","SOUTH BEND","IN","46613","(269) 326-0346"
"68","CARMELA'S AT MACRI'S","214 N NILES AVE","SOUTH BEND","IN","46617","(574) 280-4824"
"69","BAKERS BAR & GRILLE","123 N SAINT JOSEPH ST","SOUTH BEND","IN","46601","(574) 245-7274"
"70","DON JUAN CANTINA & GRILL","3421 W SAMPLE ST","SOUTH BEND","IN","46619","(574) 339-3922"
"71","BELLIC RIVER GROUP LLC, DBA BE","1105 NORTHSIDE BLVD","SOUTH BEND","IN","46615","(574) 312-5170"
"72","ONE STOP #3","1807 LINCOLN WAY E","SOUTH BEND","IN","46613-3422","(574) 288-8850"
"73","MATTSON'S CUSTOM CATERING & EV","2720 MISHAWAKA AVE","SOUTH BEND","IN","46615","(574) 635-1039"
"74","SUBWAY OF SOUTH BEND X","700 W IRELAND RD","SOUTH BEND","IN","46614","(574) 231-9209"
"75","EXPRESS CUPCAKES","1150 MISHAWAKA AVE","SOUTH BEND","IN","46615","(574) 276-0865"
"76","HUICHI RINCON HUESTECO","2702 W WESTERN AVE","SOUTH BEND","IN","46619","(574) 855-1903"
"77","LA ESPERANZA / CASA ROMA, INC.","1636 N IRONWOOD DR","SOUTH BEND","IN","46637","(574) 273-0345"
"78","THE CULINARY CONNECTION","201 CHAPIN ST","SOUTH BEND","IN","46601","(574) 259-2433"
"79","CIRA'S RESTAURANT","2007 MIAMI ST","SOUTH BEND","IN","46614","(574) 288-1077"
"80","HOT BOX PIZZA OF SOUTH BEND","1234 N EDDY ST","SOUTH BEND","IN","46617","(574) 246-9445"
"81","FIVE GUYS BURGERS & FRIES","1233 N EDDY ST","SOUTH BEND","IN","46617","(574) 234-1800"
"82","HAMMES BOOKSTORE & CAFE","1234 N EDDY ST","SOUTH BEND","IN","46617","(574) 287-6954"
"83","S.B.MARRIOTT ""WE PROUDLY BREW""","123 N SAINT JOSEPH ST","SOUTH BEND","IN","46601","(574) 234-2000"
"84","JALISCO SUPERMARKET","454 S CARLISLE ST","SOUTH BEND","IN","46619","(574) 289-0108"
"85","VELDMAN'S SERVICE CENTER","5316 W WESTERN AVE","SOUTH BEND","IN","46614","(574) 287-7236"
"86","ONE STOP #2","3425 LINCOLN WAY W","SOUTH BEND","IN","46628-1454","(574) 233-8403"
"87","EMPORIUM RESTAURANT-OLD","121 S NILES AVE","SOUTH BEND","IN","46601","(574) 234-9000"
"88","EL ARRIERO","4505 AMERITECH DR","SOUTH BEND","IN",NA,"(574) 243-1177"
"89","SEAN O'CASEY'S","123 N SAINT JOSEPH ST","SOUTH BEND","IN","46601","(574) 234-2000"
"90","PUERTO VALLARTA EXPRESS","415 N HICKORY RD","SOUTH BEND","IN","46615","(574) 876-1352"
"91","SUBWAY #035","6424 W BRICK RD","SOUTH BEND","IN","46628","(574) 272-1203"
"92","EL ARRIERO BAR & GRILL","4505 AMERITECH DR","SOUTH BEND","IN","46628","(574) 243-1177"
"93","SUBWAY OF SOUTH BEND II, INC","3301 PORTAGE AVE","SOUTH BEND","IN","46628","(574) 243-2667"
"94","NOMA RESTAURANT","119 N MICHIGAN ST","SOUTH BEND","IN","46601","(574) 274-7450"
"95","EAST TOKYO HIBACHI","1290 E IRELAND RD","SOUTH BEND","IN","46614","(917) 224-0390"
"96","MEIJER STORE #120","3600 PORTAGE AVE","SOUTH BEND","IN","46628","(574) 273-3468"
"97","EAST RACE CONCESSION TRAILER","121 S NILES AVE","SOUTH BEND","IN","46601","(574) 235-2621"
"98","GOLDEN DRAGON CHINESE REST.","3227 W SAMPLE ST","SOUTH BEND","IN","46619","(574) 232-3388"
"99","BROTHERS BAR & GRILL","1234 N EDDY ST","SOUTH BEND","IN","46617","(574) 287-2767"
"100","THE OTHER PLACE","450 S CARLISLE ST","SOUTH BEND","IN","46619","(574) 234-7381"
"101","KETTLE & KEITH INC / DBA DIXIE","808 E COLFAX AVE","SOUTH BEND","IN","46617","(574) 703-7309"
"102","QUINCY'S CAFE","1725 N IRONWOOD DR","SOUTH BEND","IN","46637","(574) 273-0159"
"103","QUICK STOP FOOD & SHOP","3601 W WESTERN AVE","SOUTH BEND","IN","46619","(574) 233-0099"
"104","GOLD'S KOSHER MARKET AND DELI","908 E IRELAND RD","SOUTH BEND","IN","46614","(574) 231-8474"
"105","OLIVE FOOD MART INC.","421 N OLIVE ST","SOUTH BEND","IN","46628","(574) 234-3664"
"106","LINDEN GRILL","110 N MAIN ST","SOUTH BEND","IN","46601","(574) 246-0250"
"107","PEOPLE OF PRAISE CHURCH","107 S GREENLAWN AVE","SOUTH BEND","IN","46601","(574) 234-5088"
"108","EXPRESS MART","1702 S MICHIGAN ST","SOUTH BEND","IN","46613","(574) 234-2299"
"109","FISH FOR THE SOUL","1525 PORTAGE AVE","SOUTH BEND","IN","46628","(574) 234-7363"
"110","DEER RUN CHURCH OF CHRIST","2730 S IRONWOOD DR","SOUTH BEND","IN","46614","(574) 289-3338"
"111","THE DOWNTOWN SOUP KITCHEN","333 N MAIN ST","SOUTH BEND","IN","46601","(574) 233-9747"
"112","PARAMOUNT RESTAURANT","701 S MICHIGAN ST","SOUTH BEND","IN","46601","(574) 234-7372"
"113","U CAN PAINT 2 INC","2045 SOUTH BEND AVE","SOUTH BEND","IN","46637-5642","(574) 387-3839"
"114","OUR LADY OF THE ROAD","744 S MAIN ST",NA,NA,"46618","(574) 520-7745"
"115","BREAD 4 LIFE BAKERY","1406 E EWING AVE","SOUTH BEND","IN","46614","(574) 968-7001"
"116","STUDEBAKER PRIMARY SCHOOL","724 E DUBAIL AVE","SOUTH BEND","IN","46613","(574) 283-7607"
"117","CAPTAIN SEAFOOD","1107 LINCOLN WAY W","SOUTH BEND","IN","46616","(574) 232-4915"
"118","SOUTH BANK LOUNGE","1763 LINCOLN WAY E","SOUTH BEND","IN","46613-3420","(574) 232-1980"
"119","1ST STOP CONCESSIONS","3021 PRAST BLVD","SOUTH BEND","IN","46628","(574) 251-1026"
"120","DUNKIN DONUTS","4336 S MICHIGAN ST","SOUTH BEND","IN","46614","(269) 903-8337"
"121","RUM RUNNERS","236 S MICHIGAN ST","SOUTH BEND","IN","46601","(574) 288-5977"
"122","SUBWAY","323 N EDDY ST","SOUTH BEND","IN","46617","(574) 289-2000"
"123","SINAI SYNAGOGUE","1102 E LASALLE AVE","SOUTH BEND","IN","46617","(574) 234-0584"
"124","TOMMY D'S BARBECUE & SEAFOOD","676 LAWNDALE AVE","SOUTH BEND","IN","46628","(574) 288-5799"
"125","KJ'S MAIN CAFE, LLC","321 S MAIN ST","SOUTH BEND","IN","46601","(574) 323-7824"
"126","RHYTHM","1634 LINCOLN WAY W","SOUTH BEND","IN","46628-2616","(574) 232-6360"
"127","SAY ""CHEESECAKE"" BAKERY","213 N MAIN ST","SOUTH BEND","IN","46601","(574) 233-2233"
"128","MAIN STREET PUB","2046 SOUTH BEND AVE","SOUTH BEND","IN","46637","(574) 271-9898"
"129","LITTLE CAESAR","4640 S MICHIGAN ST","SOUTH BEND","IN","46614","(847) 286-1140"
"130","FERNANDO'S FAMILY RESTAURANT","1007 N BENDIX DR","SOUTH BEND","IN","46628","(574) 232-2008"
"131","F.O.P. LODGE 36","1530 S MAIN ST","SOUTH BEND","IN","46613","(574) 233-3101"
"132","ROSIE'S KAZBAR","2644 W WESTERN AVE","SOUTH BEND","IN","46619-3126","(574) 288-3725"
"133","UNITY CHURCH OF PEACE","905 E COLFAX AVE","SOUTH BEND","IN","46617","(574) 233-8004"
"134","LIZ'S BARBEQUE AND THINGS","917 LINCOLN WAY W","SOUTH BEND","IN","46616-1126","(574) 246-0134"
"135","THE GERMAN CLUB (D.F.V.)","1541 PRAIRIE AVE","SOUTH BEND","IN","46613","(574) 232-2101"
"136","CIAO'S RESTAURANT","501 N NILES AVE","SOUTH BEND","IN","46617","(574) 289-2426"
"137","QUEEN ANNE INN","420 W WASHINGTON ST","SOUTH BEND","IN","46637","(574) 234-5959"
"138","KFC #181","2019 1/2 SOUTH BEND AVE","SOUTH BEND","IN","46637","(574) 027-3846"
"139","TANNER AND TANNER","1631 LINDEN AVE","SOUTH BEND","IN","46628","(574) 234-6050"
"140","AJ'S BURGER SHACK & PUB","4505 AMERITECH DR","SOUTH BEND","IN","46628","(574) 272-1800"
"141","BON BON'S","1615 MIAMI ST","SOUTH BEND","IN","46613","(574) 232-4492"
"142","BUFFALO WILD WINGS OF SOUTH BE","326 W IRELAND RD","SOUTH BEND","IN","46614","(574) 232-2293"
"143","DAGWOOD'S SANDWICH SHOPPE","420 N NILES AVE","SOUTH BEND","IN","46617","(574) 287-3700"
"144","CHIPPEWA BOWLING RESTAURANT","225 W CHIPPEWA AVE","SOUTH BEND","IN","46614","(574) 291-5093"
"145","LINDEN GRILL & GROCERY","1418 LINDEN AVE","SOUTH BEND","IN","46628","(574) 246-1577"
"146","WENDY'S #2919","3401 LINCOLN WAY W","SOUTH BEND","IN","46628","(574) 287-6644"
"147","NORTHERN INDIANA CENTER FOR HI","808 W WASHINGTON ST","SOUTH BEND","IN","46617","(574) 235-9664"
"148","JOE'S TAVERN","1201 DUNHAM ST","SOUTH BEND","IN","46619","(574) 237-9182"
"149","NEVERIA TRES MANGOS DE MICHOCC","2518 W WESTERN AVE","SOUTH BEND","IN","46619","(574) 217-8967"
"150","CHICK-FIL-A","4555 S MICHIGAN ST","SOUTH BEND","IN","46614","(574) 968-0351"
"151","SAINT JOSEPH YOUNG MEN'S SOCIE","408 S GRANT ST","SOUTH BEND","IN","46619","(574) 288-3121"
"152","MULLIGANS BAR & GRILL","1705 SOUTH BEND AVE","SOUTH BEND","IN","46637","(574) 277-5666"
"153","THE BLARNEY STONE","113 E WAYNE ST","SOUTH BEND","IN","46601","(574) 283-0452"
"154","JOYS FISH AND CHICKEN","3307 W SAMPLE ST","SOUTH BEND","IN","46619","(574) 703-7600"
"155","GIRASOL CARRY OUT","525 N EDDY ST","SOUTH BEND","IN","46617","(574) 251-0073"
"156","KILWIN'S CHOCOLATES & ICE CREA","1044 E ANGELA BLVD","SOUTH BEND","IN","46617","(574) 234-1212"
"157","THE BRICK LLC","1145 NORTHSIDE BLVD","SOUTH BEND","IN","46615","(574) 485-1513"
"158","AIR HOST SNACK BAR CONCOURSE A","4667 PROGRESS DR","SOUTH BEND","IN","46628","(574) 289-8786"
"159","CULVER'S OF SOUTH BEND","4402 S MICHIGAN ST","SOUTH BEND","IN","46614","(574) 299-9130"
"160","SAINT AUGUSTINE SOUP KITCHEN","1501 W WASHINGTON ST","SOUTH BEND","IN","46628","(574) 234-6334"
"161","KROC COMMUNITY CENTER","900 W WESTERN AVE","SOUTH BEND","IN","46601","(574) 233-9471"
"162","AMERICAN MULTI-CINEMA, INC.","450 W CHIPPEWA AVE","SOUTH BEND","IN","46614","(574) 299-6060"
"163","FOUR HORSEMEN BREWING COMPANY,","710 FELLOWS ST","SOUTH BEND","IN","46624","(574) 387-5772"
"164","MAIN STREET COFFEE HOUSE INC","102 N MAIN ST","SOUTH BEND","IN","46601","(574) 232-5333"
"165","MACRI'S ITALIAN KITCHEN","315 W IRELAND RD","SOUTH BEND","IN","46614","(574) 231-0200"
"166","THE INDIA GARDEN","123 N MICHIGAN ST","SOUTH BEND","IN","46601","(574) 233-3300"
"167","THE SKILLET RESTAURANT","2212 MCKINLEY AVE","SOUTH BEND","IN","46615","(574) 234-6069"
"168","CONGO CAFE","500 S GREENLAWN AVE","SOUTH BEND","IN","46615","(574) 235-5614"
"169","CANTEEN SERVICES / SBT","225 W COLFAX AVE","SOUTH BEND","IN","46601","(800) 234-7650"
"170","MILO'S PIZZERIA","910 E IRELAND RD","SOUTH BEND","IN","46614","(574) 299-9380"
"171","HOT DOGGIN","111 S MICHIGAN ST HOT","SOUTH BEND","IN","46601","(574) 220-2411"
"172","RESIDENCE INN","716 N NILES AVE","SOUTH BEND","IN","46617","(574) 289-5555"
"173","FRANKIE'S BBQ","1132 SOUTH BEND AVE","SOUTH BEND","IN","46617","(574) 232-4038"
"174","FIRST CHRISTIAN CHURCH","1101 E JEFFERSON BLVD","SOUTH BEND","IN","46617","(574) 289-2417"
"175","TACO BELL-DON'T USE","6225 W BRICK RD","SOUTH BEND","IN","46628","(574) 247-1700"
"176","CLUB 23","744 N NOTRE DAME AVE","SOUTH BEND","IN","46615","(574) 234-4015"
"177","LITTLE JIMMY'S ICE CREAM","217 E 6TH ST","MISHAWAKA","IN","46544","(574) 532-5867"
"178","SEAHORSE II CABARET","1902 W WESTERN AVE","SOUTH BEND","IN","46619","(574) 237-9139"
"179","STUDE'S LOUNGE","2206 2208 MISHAWAKA AVE","SOUTH BEND","IN","46615","(574) 289-4888"
"180","CHUCK'S TAVERN","1201 W SAMPLE ST","SOUTH BEND","IN","46619","(574) 289-9457"
"181","CHARLIE'S","2334 PRAIRIE AVE","SOUTH BEND","IN","46614","(574) 289-0448"
"182","SAMUEL MANCINOS  - DONT USE","910 ERSKINE PLZ","SOUTH BEND","IN","46614","(574) 231-1160"
"183","CHICAGO ICE CREAM & MORE","2517 W WESTERN AVE","SOUTH BEND","IN","46619","(574) 234-0166"
"184","VICKIE'S","112 W MONROE ST","SOUTH BEND","IN","46601","(574) 232-4090"
"185","TRIO'S RESTAURANT & JAZZ CLUB","129 N MICHIGAN ST","SOUTH BEND","IN","46601","(574) 288-8746"
"186","CIAO'S ITALIAN BAKERY","123 N MICHIGAN ST","SOUTH BEND","IN","46601","(574) 289-2426"
"187","JERSEY MIKE'S SUBS","111 S SAINT JOSEPH ST","SOUTH BEND","IN","46601","(574) 246-0136"
"188","SUMMER SONG, INC","56565 PINE RD","SOUTH BEND","IN","46619","(574) 233-0010"
"189","DOUBLE T'S BBQ","415 N HICKORY RD","SOUTH BEND","IN","46615","(574) 251-9500"
"190","FIRST UNITARIAN CHURCH","101 E NORTH SHORE DR","SOUTH BEND","IN","46617-1213","(574) 234-6588"
"191","TEMPLE BETH-EL","305 W MADISON ST","SOUTH BEND","IN","46601","(574) 234-4402"
"192","CREST MANOR CHURCH OF BRETHREN","1342 BERKSHIRE DR","SOUTH BEND","IN","46614","(574) 291-3748"
"193","SONIC RESTAURANTS, INC","3906 PORTAGE AVE","SOUTH BEND","IN","46628","(574) 273-9340"
"194","SMG F&B LLC (SAVOR) CENTER CAF","120 S SAINT JOSEPH ST","SOUTH BEND","IN","46601","(864) 598-8604"
"195","LINEBACKER LOUNGE","1631 SOUTH BEND AVE","SOUTH BEND","IN","46617","(574) 289-0186"
"196","TACO BELL #2160 - DON'T USE","3208 LINCOLN WAY W","SOUTH BEND","IN","46628-1451","(574) 234-2349"
"197","SUNSHINE ICE CREAM","605 LINCOLN WAY W","OSCEOLA","IN","46561","(574) 323-5818"
"198","ICE BOX","1421 S WALNUT ST","SOUTH BEND","IN","46619","(574) 288-3300"
"199","HARRISON PRIMARY SCHOOL","3302 W WESTERN AVE","SOUTH BEND","IN","46624","(574) 283-7308"
"200","BACKSTAGE GRILL","222 S MICHIGAN ST","SOUTH BEND","IN","46601","(574) 232-0222"
"201","CINCO 5","112 W COLFAX AVE","SOUTH BEND","IN","46601","(574) 520-9613"
"202","KING GYROS EXPRESS","2717 S MICHIGAN ST","SOUTH BEND","IN","46614","(574) 231-8983"
"203","CIAO'S","707 CEDAR ST","SOUTH BEND","IN","46617","(574) 289-2426"
"204","TACO BELL-DON'T USE","5131 W WESTERN AVE","SOUTH BEND","IN","46619","(574) 472-0135"
"205","ENGLISH ROSE INN - DO NOT USE","116 S TAYLOR ST","SOUTH BEND","IN","46601","(574) 289-2114"
"206","7-ELEVEN #30171","4106 LINCOLN WAY W","SOUTH BEND","IN","46628","(574) 233-1621"
"207","ZEN CAFE","1105 NORTHSIDE BLVD","SOUTH BEND","IN","46615","(574) 272-6079"
"208","OSCAR'S BILLIARD CLUB","1902 SOUTH BEND AVE","SOUTH BEND","IN","46617","(574) 277-6651"
"209","HIBACHI GRILL BUFFET","4502 S MICHIGAN ST","SOUTH BEND","IN","46614","(574) 291-8888"
"210","MISTI'S DOWN UNDER","205 W JEFFERSON BLVD","SOUTH BEND","IN","46601","(574) 234-4752"
"211","QUALITY INN & SUITES","4124 LINCOLN WAY W","SOUTH BEND","IN","46628","(574) 288-3800"
"212","HIGHER GROUNDS","109 W WASHINGTON ST","SOUTH BEND","IN","46601","(574) 282-2522"
"213","LITTLE LINDA'S CAFE","3307 W SAMPLE ST","SOUTH BEND","IN","46619","(000) 000-0000"
"214","TARGET STORE T-1902","1400 E IRELAND RD","SOUTH BEND","IN","46614","(574) 299-1402"
"215","HENSELL'S OAKEN BUCKET","1212 S IRONWOOD DR","SOUTH BEND","IN","46615","(574) 289-1616"
"216","MC DONALD'S 574","2001 S MICHIGAN ST","SOUTH BEND","IN","46613","(574) 400-0775"
"217","LOGAN'S ROADHOUSE","1320 E IRELAND RD","SOUTH BEND","IN","46614","(574) 231-9644"
"218","ELVA'S FIESTA CLUB","1024 W INDIANA AVE","SOUTH BEND","IN","46613","(574) 287-9203"
"219","TEXAS ROADHOUSE","4635 S MICHIGAN ST","SOUTH BEND","IN","46614","(574) 291-7427"
"220","THE CELLAR DOOR","213 W WASHINGTON ST","SOUTH BEND","IN","46601","(574) 323-2120"
"221","OH MAMMA'S ON THE AVENUE","1212 BEYER AVE","SOUTH BEND","IN","46615-1110","(574) 276-6918"
"222","NAVARRE INTERMEDIATE SCHOOL","4702 FORD ST","SOUTH BEND","IN","46619","(574) 283-7355"
"223","HACIENDA MEXICAN RESTAURANT","3903 PORTAGE AVE","SOUTH BEND","IN","46628","(574) 273-3843"
"224","JUAN CAMANEY","618 PULASKI ST","SOUTH BEND","IN","46619","(574) 303-0446"
"225","COMFORT SUITES","6225 US 31 S","SOUTH BEND","IN","46637","(574) 291-3100"
"226","DOCKSIDE","1835 LINCOLN WAY E","SOUTH BEND","IN","46613","(574) 400-0848"
"227","MURPHY USA #7430","620 W IRELAND RD","SOUTH BEND","IN","46614","(870) 875-7699"
"228","WINGS, ETC","2051 E IRELAND RD","SOUTH BEND","IN","46614-2908","(574) 291-0077"
"229","NAVARRE AT THE WOODWARD","111 WOODWARD CT","SOUTH BEND","IN","46601","(574) 288-4420"
"230","CHICO'S MEXICAN RESTAURANT","2418 W WESTERN AVE","SOUTH BEND","IN","46619","(574) 237-9198"
"231","PANERA BREAD","1290 E IRELAND RD BLDG","SOUTH BEND","IN","46614","(574) 231-4932"
"232","MC CORMICK'S","125 N MICHIGAN ST","SOUTH BEND","IN","46601","(574) 289-8031"
"233","SAM'S FOOD MARKET","1336 LINCOLN WAY W","SOUTH BEND","IN","46628","(574) 289-8957"
"234","DEW DROP INN","822 S LAFAYETTE BLVD",NA,NA,"46618","(574) 289-9829"
"235","IRENE'S MARKET","2712 W WESTERN AVE","SOUTH BEND","IN","46619","(574) 237-1707"
"236","SKINNY'S CONEY CONCESSIONS","0 OUTSIDE CITY LIMITS","SOUTH BEND","IN","46601","(574) 210-6058"
"237","UNIVERSITY MARATHON SOUTH","111 E IRELAND RD","SOUTH BEND","IN","46614","(574) 291-3283"
"238","EWING CAFE","111 W EWING AVE","SOUTH BEND","IN","46613","(574) 237-9404"
"239","GABY'S ICE CREAM SHOP","1708 S MICHIGAN ST","SOUTH BEND","IN","46613","(574) 383-5034"
"240","DAIRY QUEEN","4206 W WESTERN AVE","SOUTH BEND","IN","46619","(574) 288-1100"
"241","SAINT PAUL BETHEL BAPTIST CHUR","621 LINDSEY ST","SOUTH BEND","IN","46616","(574) 288-6667"
"242","TAIWAN HANLUNG INC / DBA CRE-A","1639 N IRONWOOD DR","SOUTH BEND","IN","46637","(574) 247-3000"
"243","MCCLURE OIL #51","6220 US 31 S","SOUTH BEND","IN","46615","(765) 674-9771"
"244","MCCLURE OIL #54","5913 US 31 S","SOUTH BEND","IN","46614","(765) 674-9771"
"245","SPEEDWAY #8531","2702 MISHAWAKA AVE","SOUTH BEND","IN","46615","(574) 282-2402"
"246","MADISON OYSTER BAR","129 N MAIN ST","SOUTH BEND","IN","46601","(574) 288-3776"
"247","THE CREPERIE","121 S NILES AVE","SOUTH BEND","IN","46601","(574) 607-8008"
"248","SUBWAY OF SOUTH BEND VIII","837 S IRONWOOD DR","SOUTH BEND","IN","46615","(574) 233-0300"
"249","CASA DEL RIO","1705 SOUTH BEND AVE","SOUTH BEND","IN","46637","(574) 243-3332"
"250","OLIVE EXPO","2324 ELWOOD AVE","SOUTH BEND","IN","46628","(574) 310-9068"
"251","LASALLE INTERMEDIATE ACADEMY","2701 ELWOOD AVE","SOUTH BEND","IN","46601","(574) 283-7517"
"252","MCKINLEY PUB","2930 MCKINLEY AVE","SOUTH BEND","IN","46615","(574) 234-2616"
"253","ELKS LODGE #298","1001 W WESTERN AVE","SOUTH BEND","IN","46617","(574) 232-2678"
"254","CUSHING MANOR BED & BREAKFAST","508 W WASHINGTON ST","SOUTH BEND","IN","46601","(574) 288-1990"
"255","BOYS & GIRLS CLUB OF ST JOSEPH","502 E SAMPLE ST","SOUTH BEND","IN","46601","(574) 232-2048"
"256","SOUTH BEND SCOTTISH RITE","427 N MAIN ST","SOUTH BEND","IN","46601","(574) 233-3158"
"257","LONG JOHN SILVER'S #42","920 E IRELAND RD","SOUTH BEND","IN","46614","(574) 291-1220"
"258","MT CARMEL MISSIONARY BAPTIST","137 E INDIANA AVE","SOUTH BEND","IN","46613","(574) 287-1451"
"259","KFS CATERING","3207 HIGH ST","SOUTH BEND","IN","46614","(574) 231-5168"
"260","THE COFFEE SPOT","3201 SUGAR MAPLE BUSINESS CT","SOUTH BEND","IN","46628","(574) 288-0398"
"261","APPLEBEE'S NEIGHBORHOOD BAR &","1150 E IRELAND RD","SOUTH BEND","IN","46614","(574) 277-2640"
"262","MATTHYS LITTLE LEAGUE","4700 MEADOW LN","SOUTH BEND","IN","46619","(574) 289-5228"
"263","Y.W.C.A. OF ST JOSEPH CO","1102 FELLOWS ST","SOUTH BEND","IN","46601","(574) 233-9491"
"264","SOUTH BEND FIREFIGHTERS LOCAL","4025 LINCOLN WAY W","SOUTH BEND","IN","46628","(574) 232-3473"
"265","SAINT PATRICK PARISH","309 S TAYLOR ST","SOUTH BEND","IN","46601","(574) 287-8932"
"266","ICE CREAM SHOPPE","315 CHAPIN ST","SOUTH BEND","IN","46614","(574) 514-0146"
"267","ROSALES SUPER MARKET #5","2812 W WESTERN AVE","SOUTH BEND","IN","46619","(574) 234-4192"
"268","POLISH NATIONAL ALLIANCE #83","2401 W WESTERN AVE","SOUTH BEND","IN","46619","(574) 233-0880"
"269","JIMMY JOHN'S GOURMET SANDWICH","138 S MICHIGAN ST","SOUTH BEND","IN","46601","(574) 246-1020"
"270","XAVIER SCHOOL OF EXCELLENCE","3423 S MICHIGAN ST","SOUTH BEND","IN","46614","(574) 231-6602"
"271","HICKEY'S SHAVED ICE, LLC","0 OUTSIDE CITY LIMITS","SOUTH BEND","IN","46601","(574) 532-5736"
"272","MARYCREST MARATHON","2306 W WESTERN AVE","SOUTH BEND","IN","46619","(574) 233-8375"
"273","THE VINE","103 W COLFAX AVE","SOUTH BEND","IN","46601","(574) 234-9463"
"274","IVY COURT INN & SUITES","1404 IVY CT","SOUTH BEND","IN","46637","(574) 277-6500"
"275","COMPASS GROUP","4402 TECHNOLOGY DR","SOUTH BEND","IN","46628","(800) 234-7650"
"276","THE SALVATION ARMY","510 S MAIN ST","SOUTH BEND","IN","46601","(574) 288-2539"
"277","CJ'S PUB  -  CLOSED","417 N MICHIGAN ST","NEW CARLISLE","IN","46552","(574) 233-5981"
"278","BURRITO CHULO - DO NOT USE","1724 N IRONWOOD DR","SOUTH BEND","IN","46635","(269) 621-5251"
"279","PIZZA HUT","3624 MCKINLEY AVE","SOUTH BEND","IN","46615","(506) 328-4631"
"280","THE MARK","1234 N EDDY ST","SOUTH BEND","IN","46617","(574) 204-2767"
"281","CENTERPLATE / V.S.A., INC","120 S SAINT JOSEPH ST","SOUTH BEND","IN","46601","(574) 235-9151"
"282","EDISON INTERMEDIATE SCHOOL","2701 EISENHOWER AVE","SOUTH BEND","IN","46615","(574) 283-8948"
"283","ANCHOR INN","2224 W WESTERN AVE","SOUTH BEND","IN","46619","(574) 237-9147"
"284","MATUBA RESTAURANT, LLC","2930 MCKINLEY AVE","SOUTH BEND","IN","46615","(574) 251-0674"
"285","PREETI PETROLEUM INC","3417 W WESTERN AVE","SOUTH BEND","IN","46619","(574) 287-7965"
"286","CHINA HOUSE","2222 MISHAWAKA AVE","SOUTH BEND","IN","46615","(574) 232-9828"
"287","CITY LIMITS LOUNGE","1807 S IRONWOOD DR","SOUTH BEND","IN","46614","(574) 288-3636"
"288","SUCCESS ACADEMY PRIMARY SCHOOL","3408 ARDMORE TRL","SOUTH BEND","IN","46628","(574) 299-9800"
"289","LODDY'S","814 S WALNUT ST","SOUTH BEND","IN","46619","(574) 237-1094"
"290","MI COCINITA","4333 W WESTERN AVE","SOUTH BEND","IN","46619-2614","(574) 288-4131"
"291","222 ITALIAN STEAKHOUSE","222 S MICHIGAN ST","SOUTH BEND","IN","46601","(574) 232-0222"
"292","FIRST PRESBYTERIAN CHURCH","333 W COLFAX AVE","SOUTH BEND","IN","46601","(574) 234-4159"
"293","HONEY BAKED HAM CO & CAFE","2307 EDISON RD","SOUTH BEND","IN","46615","(574) 288-4267"
"294","MC ALISTER'S DELI","1130 E ANGELA BLVD","SOUTH BEND","IN","46613","(574) 232-8560"
"295","RADIANT HEARTH PIZZERIA LLC","52177 PICKWICK LN","SOUTH BEND","IN","46637","(574) 360-7142"
"296","JULIO'S PIZZA","2509 S MICHIGAN ST","SOUTH BEND","IN","46601","(574) 287-1034"
"297","GOSPEL CENTER MISSIONARY CHURC","930 S 30TH ST","SOUTH BEND","IN","46615","(574) 232-4477"
"298","O'SULLIVAN'S CROSSING","235 S MICHIGAN ST","SOUTH BEND","IN","46601","(574) 289-3333"
"299","WAL-MART SUPERCENTER #3436","700 W IRELAND RD","SOUTH BEND","IN","46614","(574) 299-1284"
"300","RINCON HUASTECO","2702 W WESTERN AVE","SOUTH BEND","IN","46619","(574) 855-1903"
"301","SAINT HEDWIG MEMORIAL CENTER","331 S SCOTT ST","SOUTH BEND","IN","46601","(574) 287-8935"
"302","SUNRISE BAR & GRILL","3101 LINCOLN WAY W","SOUTH BEND","IN","46628-1947","(574) 234-3034"
"303","LUIGI'S PIZZA, INC","3620 MISHAWAKA AVE","SOUTH BEND","IN","46615","(574) 282-1215"
"304","POP'S PLACE INC","2035 S MICHIGAN ST","SOUTH BEND","IN","46613-2326","(574) 286-6115"
"305","BELL-MART BP","3627 MCKINLEY AVE","SOUTH BEND","IN","46615","(574) 287-9926"
"306","TURNERS OF MICHIANA LLC","2720 MISHAWAKA AVE","SOUTH BEND","IN","46615","(574) 289-4335"
"307","BAMBER SUPERETTE","1145 MISHAWAKA AVE","SOUTH BEND","IN","46615","(574) 287-1871"
"308","PIZZA HUT","3697 PORTAGE AVE","SOUTH BEND","IN","46628","(574) 273-0678"
"309","ROZELL ROYAL RIBS","313 CHAPIN ST","SOUTH BEND","IN","46601","(574) 234-6980"
"310","Z.B. FALCON NEST 80","323 S SHERIDAN ST","SOUTH BEND","IN","46619","(574) 288-3335"
"311","EXTREME FAMILY GRUB AND PUB","2206 2208 MISHAWAKA AVE","SOUTH BEND","IN","46615","(574) 289-4888"
"312","GIUSEPPE'S ISF, LLC","1105 NORTHSIDE BLVD","SOUTH BEND","IN","46615","(574) 302-6991"
"313","CEDAR HOUSE RESTAURANT","808 E COLFAX AVE","SOUTH BEND","IN","46617","(574) 287-8744"
"314","THE TASTE","917 LINCOLN WAY W","SOUTH BEND","IN","46616-1126","(574) 520-8969"
"315","FALAFEL EXPRESS","1809 SOUTH BEND AVE","SOUTH BEND","IN","46637-5637","(574) 514-1228"
"316","MINDY'S DOWNTOWN GRILL","120 W LASALLE AVE","SOUTH BEND","IN","46601","(574) 237-0819"
"317","CHIPPEWA BOWL","225 W CHIPPEWA AVE","SOUTH BEND","IN","46614","(574) 291-5093"
"318","GREAT HARVEST BREAD CO.","1105 NORTHSIDE BLVD","SOUTH BEND","IN","46615","(574) 271-1100"
"319","RUM VILLAGE INN","2209 KEMBLE AVE","SOUTH BEND","IN","46613","(574) 288-1773"
"320","FIDDLER'S HEARTH, INC","127 N MAIN ST","SOUTH BEND","IN","46601","(574) 232-2853"
"321","WENDY'S #562","3401 LINCOLN WAY W","SOUTH BEND","IN","46628","(574) 287-6644"
"322","CHICORY CAFE CO. - DO NOT USE","105 E JEFFERSON BLVD","SOUTH BEND","IN","46601","(574) 234-1141"
"323","CAMBODIAN THAI RESTAURANT - DO","229 S MICHIGAN ST","SOUTH BEND","IN","46601","(574) 289-2877"
"324","NAVARRE CATERING LLC - DBA BIS","211 N MICHIGAN ST","SOUTH BEND","IN","46601","(574) 235-5612"
"325","GREATER FRIENDSHIP BAPT. CH.","206 S FALCON ST","SOUTH BEND","IN","46619","(574) 288-7487"
"326","RON'S MCKINLEY MARATHON","2124 MCKINLEY AVE","SOUTH BEND","IN","46615","(574) 234-9565"
"327","CHINA GARDEN RESTAURANT, INC","900 E IRELAND RD","SOUTH BEND","IN","46614","(574) 291-7373"
"328","STARZ BAR","1505 KENDALL ST","SOUTH BEND","IN","46613","(574) 288-7827"
"329","MURPHY'S BACKYARD PUB","3601 MISHAWAKA AVE","SOUTH BEND","IN","46615","(574) 233-5968"
"330","SAINT JOSEPH CATHOLIC HIGH SCH","453 N NOTRE DAME AVE","SOUTH BEND","IN","46617","(574) 233-6137"
"331","KELLY'S PUB","1150 MISHAWAKA AVE","SOUTH BEND","IN","46615","(574) 287-7379"
"332","MASTERPIECE CREATIONS/BISTRO","211 N MICHIGAN ST","SOUTH BEND","IN","46601","(574) 235-5583"
"333","UGLY MUGS CAFE & CULTURE","102 N MAIN ST","SOUTH BEND","IN","46601","(574) 863-0352"
"334","TAPHOUSE ON THE EDGE","1803 SOUTH BEND AVE","SOUTH BEND","IN","46637-5637","(574) 247-9293"
"335","J J FISH & CHICKEN","3622 EDISON RD","SOUTH BEND","IN","46615","(574) 288-4221"
"336","OLIVE STREET CONVENIENCE STORE","815 N OLIVE ST","SOUTH BEND","IN","46619","(574) 287-6312"
"337","ERSKINE GOLF COURSE","4201 MIAMI ST","SOUTH BEND","IN","46614","(574) 291-5587"
"338","BRUNO'S PIZZA DTSB","131 S MICHIGAN ST","SOUTH BEND","IN","46601","(574) 234-2222"
"339","SMOKIN ADDIES","501 LINCOLN WAY W","SOUTH BEND","IN","46601","(574) 287-4464"
"340","SILVER TOWER SEAFOOD HOUSE","1536 LINCOLN WAY W","SOUTH BEND","IN","46628-2420","(574) 233-0304"
"341","LONNIE'S 23 INN","1989 PRAIRIE AVE","SOUTH BEND","IN","46613","(574) 251-0282"
"342","DOMINIC'S PIZZERIA","1640 SOUTH BEND AVE","SOUTH BEND","IN","46617","(574) 289-0626"
"343","SOUTH BEND CHOCOLATE COMPANY","4667 PROGRESS DR","SOUTH BEND","IN","46628","(574) 289-8786"
"344","THE PORTAGE GRILL, LLC","1519 PORTAGE AVE","SOUTH BEND","IN","46617","(574) 288-2867"
"345","TOM'S RESTAURANT","131 S LAFAYETTE BLVD","SOUTH BEND","IN","46601","(574) 237-9401"
"346","PIZZA HUT - DONT USE","2017 SOUTH BEND AVE","SOUTH BEND","IN","46637","(574) 273-9944"
"347","THE PHILADELPHIA","2123 EDISON RD","SOUTH BEND","IN","46637","(574) 287-3255"
"348","PIZZA HUT - DONT USE","1129 N BENDIX DR","SOUTH BEND","IN","46628","(574) 232-2800"
"349","LA CENTRAL BAKERY","3021 W WESTERN AVE","SOUTH BEND","IN","46619","(574) 289-2550"
"350","ELKS LODGE #235","3535 MCKINLEY AVE","SOUTH BEND","IN","46615","(574) 233-1139"
"351","SUPER MERCADO ROSALES","1518 S MICHIGAN ST","SOUTH BEND","IN","46613","(574) 234-5587"
"352","STEAK N SHAKE","1315 E IRELAND RD","SOUTH BEND","IN","46614","(574) 299-9936"
"353","ELOTES Y MAS","1343 DUNHAM ST","SOUTH BEND","IN","46619","(574) 233-0109"
"354","QUINCY'S","1631 EDISON RD","SOUTH BEND","IN","46637","(574) 273-0159"
"355","STATE THEATRE","214 1/2 S MICHIGAN ST","SOUTH BEND","IN","46601","(574) 303-8820"
"356","SUPER MERCADO ROSALES","620 S MEADE ST","SOUTH BEND","IN","46619","(574) 288-0536"
"357","TACO BELL / PIZZA HUT #5393","221 W LASALLE AVE","SOUTH BEND","IN","46601","(574) 233-3431"
"358","ALWAYS OPEN","1401 N BENDIX DR","SOUTH BEND","IN","46628","(574) 233-6429"
"359","BEACON BOWL RESTAURANT","4210 LINCOLN WAY W","SOUTH BEND","IN","46628","(574) 234-4167"
"360","CROOKED EWE BREWERY & ALE HOUS","1047 LINCOLN WAY E","SOUTH BEND","IN","46601","(574) 217-0881"
"361","COFFEE AND TEA THYME","1105 NORTHSIDE BLVD","SOUTH BEND","IN","46615","(260) 625-5476"
"362","MCKINLEY PRIMARY SCHOOL","228 N GREENLAWN AVE","SOUTH BEND","IN","46624","(574) 283-8576"
"363","V.F.W. POST 9820","4829 LINDEN AVE","SOUTH BEND","IN","46619","(574) 237-9820"
"364","MITCH'S CORNER SPORTS BAR","1516 N IRONWOOD DR","SOUTH BEND","IN","46635","(574) 855-2365"
"365","MARTIN'S SUPER MARKETS #10","2081 SOUTH BEND AVE","SOUTH BEND","IN","46637","(574) 272-6922"
"366","ARBY'S ROAST BEEF #877","4615 MIAMI ST","SOUTH BEND","IN","46614","(574) 291-1208"
"367","ONE STOP SHOP","3529 W WESTERN AVE","SOUTH BEND","IN","46619","(574) 234-7870"
"368","SPEEDWAY #5548","1449 MISHAWAKA AVE","SOUTH BEND","IN","46615","(574) 233-7421"
"369","KRIS'S KOUNTRY KITCHEN","2210 2212 MIAMI ST","SOUTH BEND","IN","46613","(574) 251-0377"
"370","ARBY'S ROAST BEEF #7215","209 W SAMPLE ST","SOUTH BEND","IN","46601","(574) 246-9733"
"371","SPEEDWAY #5487","2075 E IRELAND RD","SOUTH BEND","IN","46614","(574) 291-5436"
"372","SPEEDWAY #5153","2150 SOUTH BEND AVE","SOUTH BEND","IN","46637","(574) 277-2071"
"373","CENTER FOR THE HOMELESS","813 S MICHIGAN ST","SOUTH BEND","IN","46601-3102","(574) 282-8700"
"374","SOUTH BEND CHOCOLATE CO","615 N MICHIGAN ST","SOUTH BEND","IN","46601","(574) 233-2577"
"375","ARMY & NAVY UNION #146","1121 W WESTERN AVE","SOUTH BEND","IN","46601","(574) 287-3815"
"376","7-ELEVEN","333 S LOGAN ST","SOUTH BEND","IN","46601","(574) 232-8916"
"377","ALLIE'S CAFE & CATERING","2323 MISHAWAKA AVE","SOUTH BEND","IN","46615","(574) 232-9520"
"378","P & G FAMILY RESTAURANT 2","1140 W WESTERN AVE","SOUTH BEND","IN","46619","(574) 246-1812"
"379","TAPASTRIE LLC","103 W COLFAX AVE","SOUTH BEND","IN","46601","(574) 232-9200"
"380","FRANKIE'S BBQ","1621 W WASHINGTON ST","SOUTH BEND","IN","46628-2159","(574) 287-8993"
"381","JOVI'S LOUNGE","1905 MIAMI ST","SOUTH BEND","IN","46614","(574) 289-3770"
"382","CAFE 211","211 N EDDY ST","SOUTH BEND","IN","46617","(574) 299-9126"
"383","TASTE OF MEXICO","2637 W WESTERN AVE","SOUTH BEND","IN","46619","(574) 232-8960"
"384","STUDEBAKER GOLF COURSE","718 E CALVERT ST","SOUTH BEND","IN","46613","(574) 287-6634"
"385","EL RANCHITO","1923 PRAIRIE AVE","SOUTH BEND","IN","46613","(574) 288-3930"
"386","R.K. CITY FOOD MART","301 N LAFAYETTE BLVD","SOUTH BEND","IN","46601","(574) 287-5754"
"387","KENNEDY WATER PARK CONC.","2700 WESTMOOR ST","SOUTH BEND","IN","46624","(574) 235-9407"
"388","VOLCANO RESTAURANT","3700 LINCOLN WAY W","SOUTH BEND","IN","46601","(574) 287-5775"
"389","KROGER J-901","4526 W WESTERN AVE","SOUTH BEND","IN","46619","(574) 288-0471"
"390","BRUNO'S PIZZA","2202 MISHAWAKA AVE","SOUTH BEND","IN","46615","(574) 968-0350"
"391","LITTLE CAESARS PIZZA","1225 E IRELAND RD","SOUTH BEND","IN","46614","(574) 299-0300"
"392","NEW CHINA RESTAURANT","920 ERSKINE PLZ","SOUTH BEND","IN","46614","(574) 291-9324"
"393","WASHINGTON HIGH SCHOOL","4747 W WASHINGTON ST","SOUTH BEND","IN","46624","(574) 283-7220"
"394","HOWARD PARK GENERAL STORE","609 E JEFFERSON BLVD","SOUTH BEND","IN","46617","(574) 000-0000"
"395","SAINT ADALBERT CATHOLIC CHURCH","519 S OLIVE ST","SOUTH BEND","IN","46619","(574) 288-5708"
"396","SPEEDWAY #6674/SUBWAY #6628","6161 W BRICK RD","SOUTH BEND","IN","46628","(574) 277-4206"
"397","MC DONALD'S 493","416 N MICHIGAN ST","SOUTH BEND","IN","46601","(574) 400-0775"
"398","TARKINGTON TRADITIONAL SCHOOL","3414 HEPLER ST","SOUTH BEND","IN","46635","(574) 243-7217"
"399","GRANDPA'S HOUSE OF PANCAKE","4123 W WESTERN AVE","SOUTH BEND","IN","46619","(574) 220-2215"
"400","FIRST BRETHREN CHURCH","4909 S IRONWOOD DR","SOUTH BEND","IN","46614","(574) 291-4909"
"401","LASALLE GRILL","115 W COLFAX AVE","SOUTH BEND","IN","46601","(574) 288-1155"
"402","PAPA JOHN'S #2","1811 S IRONWOOD DR","SOUTH BEND","IN","46614","(574) 233-7272"
"403","YATS EDDY STREET LLC","1251 N EDDY ST","SOUTH BEND","IN","46617","(000) 000-0000"
"404","STUDIO RUMBA 305","1116 S MAIN ST","SOUTH BEND","IN","46619","(574) 217-6507"
"405","PAPA JOHN'S #5","928 S MAYFLOWER RD","SOUTH BEND","IN","46619","(502) 935-6329"
"406","SAINT MATTHEW CATHEDRAL SCHOOL","1015 E DAYTON ST","SOUTH BEND","IN","46613","(574) 289-4535"
"407","STARBUCKS COFFEE #9758","1290 E IRELAND RD BLDG","SOUTH BEND","IN","46614","(206) 318-8705"
"408","TAQUERIA LOS GARCIA","1140 W WESTERN AVE","SOUTH BEND","IN","46619","(574) 217-7663"
"409","IMMANUEL UNITED METHODIST","1211 W EWING AVE","SOUTH BEND","IN","46613","(574) 000-0000"
"410","PILGRIM BAPTIST CHURCH","116 BIRDSELL ST","SOUTH BEND","IN","46628","(574) 234-6698"
"411","BIG ED'S AND ANGIE'S","2227 FRANKLIN ST","SOUTH BEND","IN","46613","(574) 232-3444"
"412","LA ROSITA","2909 W WESTERN AVE","SOUTH BEND","IN","46619","(574) 246-0445"
"413","BOOTLEG'ERS","1302 FORD ST","SOUTH BEND","IN","46619","(574) 234-0744"
"414","BYERS SOFTBALL COMPLEX","1300 S MAYFLOWER RD","SOUTH BEND","IN","46619","(574) 282-1449"
"415","FAITH APOSTOLIC TEMPLE, INC","911 N BENDIX DR","SOUTH BEND","IN","46628","(574) 288-3515"
"416","MANGO CAFE LLC.","1740 SOUTH BEND AVE","SOUTH BEND","IN","46637","(574) 607-1877"
"417","THE TASTE OF CHICAGO","917 LINCOLN WAY W","SOUTH BEND","IN","46616-1126","(574) 520-8969"
"418","STUDEBAKER NATIONAL MUSEUM INC","201 CHAPIN ST","SOUTH BEND","IN","46601","(574) 235-9714"
"419","BURGER KING #6622","1113 E IRELAND RD","SOUTH BEND","IN","46614","(574) 291-4300"
"420","PORTAGE CONVENIENCE STORE","1409 PORTAGE AVE","SOUTH BEND","IN","46616","(574) 204-2589"
"421","QUIZNOS SUB","131 S MICHIGAN ST","SOUTH BEND","IN","46601","(574) 256-6712"
"422","APPLEBEE'S NEIGHBORHOOD BAR &","3703 PORTAGE AVE","SOUTH BEND","IN","46628","(574) 277-2640"
"423","KITCHEN SKATE PARK","3300 W SAMPLE ST","SOUTH BEND","IN","46619","(574) 217-8986"
"424","MEJORANDO TU FIGURA","1110 W WESTERN AVE","SOUTH BEND","IN","46601","(574) 261-1585"
"425","AMERICAN LEGION POST 303","2503 MISHAWAKA AVE","SOUTH BEND","IN","46615","(574) 287-0057"
"426","LE PEEP","127 S MICHIGAN ST","SOUTH BEND","IN","46601","(574) 288-7337"
"427","CHRIST TEMPLE APOSTOLIC SOUP K","2307 ELWOOD AVE","SOUTH BEND","IN","46628","(574) 233-3892"
"428","FIRST BAPTIST CHURCH OF S.B.","3010 S IRONWOOD DR","SOUTH BEND","IN","46614","(574) 294-4141"
"429","ANTONIO'S PLACE","1314 W WESTERN AVE","SOUTH BEND","IN","46619","(574) 289-0068"
"430","GOODWILL INDUSTRIES OF MICHIAN","1805 W WESTERN AVE","SOUTH BEND","IN","46619","(574) 472-7300"
"431","LEEPER PARK TENNIS CENTER","837 N LAFAYETTE BLVD","SOUTH BEND","IN","46601","(574) 235-9405"
"432","RILEY HIGH SCHOOL","1902 FELLOWS ST","SOUTH BEND","IN","46613","(574) 283-8541"
"433","EMMAUS LUTHERAN CHURCH","929 MILTON ST","SOUTH BEND","IN","46613","(574) 287-4151"
"434","LACOPOS PIZZERIA","3004 ARDMORE TRL","SOUTH BEND","IN","46628-1927","(574) 233-5331"
"435","MC DONALD'S 2982","3221 LINCOLN WAY W","SOUTH BEND","IN","46628-1450","(574) 400-0775"
"436","MC DONALD'S 3206","5021 W WESTERN AVE","SOUTH BEND","IN","46601","(574) 400-0775"
"437","PEDRO'S FAMILY RESTAURANT","110 N MAIN ST","SOUTH BEND","IN","46601","(574) 472-1057"
"438","LAND & SEA","1107 LINCOLN WAY W","SOUTH BEND","IN","46616","(574) 288-5851"
"439","SOUTH SIDE FOOD MART","1637 KEMBLE AVE","SOUTH BEND","IN","46613","(574) 222-2372"
"440","CLUB FEVER","222 S MICHIGAN ST","SOUTH BEND","IN","46601","(574) 234-5200"
"441","GOOD SHEPHERD LUTHERAN CHURCH","1021 MANCHESTER DR","SOUTH BEND","IN","46615","(574) 232-9418"
"442","CATERING BY BILLIE","407 S EDDY ST","SOUTH BEND","IN","46617","(574) 234-3663"
"443","OC MINI MART","815 N OLIVE ST","SOUTH BEND","IN","46619","(574) 855-4958"
"444","LET'S SPOON FROZEN YOGURT","1635 EDISON RD","SOUTH BEND","IN","46637","(574) 904-9240"
"445","MC DONALD'S 6097","1850 LINCOLN WAY E","SOUTH BEND","IN","46613-3423","(574) 287-9843"
"446","FRANK'S PLACE","327 W MARION ST","SOUTH BEND","IN","46601-1148","(574) 232-2277"
"447","STARBUCKS #2931","2202 SOUTH BEND AVE","SOUTH BEND","IN","46637","(206) 318-8705"
"448","WAL-MART #2680","3701 PORTAGE AVE","SOUTH BEND","IN","46628","(574) 243-4915"
"449","BURGER KING # 8448","3403 PORTAGE AVE","SOUTH BEND","IN","46628","(574) 277-4600"
"450","J & R LINCOLNWAY GRILL","1003 LINCOLN WAY W","SOUTH BEND","IN","46616-1147","(574) 233-7814"
"451","LONG JOHN SILVER'S #40","4949 W WESTERN AVE","SOUTH BEND","IN","46601","(812) 482-3212"
"452","BAKER'S DOZEN BAKESHOP","2909 W SAMPLE ST","SOUTH BEND","IN","46619","(574) 289-9559"
"453","HOPE MINISTRIES","432 S LAFAYETTE BLVD","SOUTH BEND","IN","46601","(574) 235-4150"
"454","BORDER'S DAIRY QUEEN","1847 LINCOLN WAY E","SOUTH BEND","IN","46613-3422","(574) 287-3952"
"455","MITCH'S SECOND BASE SPORTS BAR","4407 S IRONWOOD DR","SOUTH BEND","IN","46614","(574) 532-7022"
"456","PAPA JOHN'S PIZZA","3903 PORTAGE AVE","SOUTH BEND","IN","46628","(502) 935-6329"
"457","SOUTH BEND BREW WERKS","216 S MICHIGAN ST","SOUTH BEND","IN","46601","(574) 334-0356"
"458","PENN STATION EAST COAST SUBS","2202 SOUTH BEND AVE","SOUTH BEND","IN","46637","(574) 855-2432"
"459","PURPLE PORCH CO-OP, INC","123 N HILL ST","SOUTH BEND","IN","46617","(574) 287-6724"
"460","K'S GRILL & PUB","1733 SOUTH BEND AVE","SOUTH BEND","IN","46637","(574) 277-2527"
"461","RIVER CITY CAFE","321 E WALTER ST","SOUTH BEND","IN","46614","(574) 299-4768"
"462","ROSALES PLAZA","2812 W WESTERN AVE","SOUTH BEND","IN","46619","(574) 326-9796"
"463","TACO MOVIL","2812 W WESTERN AVE","SOUTH BEND","IN","46619","(574) 520-7927"
"464","PRIYA & LUCKY","5307 W WESTERN AVE","SOUTH BEND","IN","46619","(574) 288-6009"
"465","SMILEY DOGS (HOT DOG CART)","56977 MAYFLOWER RD","SOUTH BEND","IN","46619","(574) 287-7492"
"466","GOLDEN DRAGON CHINESE REST","3302 PORTAGE AVE","SOUTH BEND","IN","46628","(574) 243-8800"
"467","TAQUERIA CHICAGO","2920 W WESTERN AVE","SOUTH BEND","IN","46619","(574) 234-6775"
"468","FALCON EXPRESS","3417 W WESTERN AVE","SOUTH BEND","IN","46619","(574) 855-1429"
"469","JAVIER'S BISTRO","2007 MIAMI ST","SOUTH BEND","IN","46614","(574) 222-2917"
"470","HOLINESS CHURCH OF GOD","1635 LINDEN AVE","SOUTH BEND","IN","46628","(574) 232-1704"
"471","P & G FAMILY RESTAURANT","2335 PRAIRIE AVE","SOUTH BEND","IN","46614","(574) 288-7792"
"472","PERLEY FINE ARTS SCHOOL","740 N EDDY ST","SOUTH BEND","IN","46617","(574) 283-8741"
"473","MONROE PRIMARY SCHOOL","312 DONMOYER AVE","SOUTH BEND","IN","46614","(574) 231-5837"
"474","ALLIE'S AMERICAN GRILL","123 N SAINT JOSEPH ST","SOUTH BEND","IN","46601","(574) 234-2000"
"475","CALVERT ROD & GUN CLUB","2203 W EWING AVE","SOUTH BEND","IN","46613","(574) 233-6588"
"476","DOMINO'S PIZZA","1627 EDISON RD","SOUTH BEND","IN","46637","(574) 271-0300"
"477","IN YER FACE BBQ","1418 N ELMER ST","SOUTH BEND","IN","46628","(574) 229-7401"
"478","POLITO'S ITALIAN RESTAURANT","401 N HICKORY RD","SOUTH BEND","IN","46615","(574) 243-5385"
"479","DONNALEE'S","701 W INDIANA AVE","SOUTH BEND","IN","46613","(574) 237-9811"
"480","BG'S DOWNTOWN DOGS","111 S SAINT JOSEPH ST","SOUTH BEND","IN","46601","(574) 246-0136"
"481","WOOCHI JAPANESE FUSION & BAR","123 W WASHINGTON ST","SOUTH BEND","IN","46601","(574) 289-2222"
"482","7-ELEVEN #27054","2207 MISHAWAKA AVE","SOUTH BEND","IN","46615","(574) 232-1797"
"483","PIZZA HUT - DONT USE","209 E IRELAND RD","SOUTH BEND","IN","46614","(574) 291-9400"
"484","THE LANDING CATERING","2801 S MICHIGAN ST","SOUTH BEND","IN","46614","(574) 299-9126"
"485","THE FRIENDLY CONFINES","1502 DUNHAM ST","SOUTH BEND","IN","46619","(574) 294-8866"
"486","HOT DIGGIDY DOG","4035 S MICHIGAN ST","SOUTH BEND","IN","46614","(574) 299-1588"
"487","KNIGHTS OF COLUMBUS #553","553 E WASHINGTON ST","SOUTH BEND","IN","46617","(574) 234-9800"
"488","EDIBLE ARRANGEMENTS","123 S MICHIGAN ST","SOUTH BEND","IN","46601","(574) 234-8182"
"489","THE LOCAL CUP","1009 PORTAGE AVE","SOUTH BEND","IN","46616","(574) 232-9182"
"490","TORTILLERIA EL SOL","2521 W WESTERN AVE","SOUTH BEND","IN","46619","(574) 340-9933"
"491","ECONOMY INN","3233 LINCOLN WAY W","SOUTH BEND","IN","46628-1450","(574) 232-9019"
"492","SIAM THAI RESTAURANT","211 N MAIN ST","SOUTH BEND","IN","46601","(574) 232-4445"
"493","LOS AMIGOS","643 LA PORTE AVE","SOUTH BEND","IN","46628","(574) 323-7720"
"494","PITTS BBQ","1526 MISHAWAKA AVE","SOUTH BEND","IN","46615","(574) 232-0667"
"495","MIAMI STOP AND GO","1914 MIAMI ST","SOUTH BEND","IN","46601","(574) 288-5222"
"496","PROFESSIONAL SPORTS CATERING","501 W SOUTH ST","SOUTH BEND","IN","46601","(574) 367-2513"
"497","SMOKE SHOP MINI MART","1712 LINCOLN WAY E","SOUTH BEND","IN","46613","(574) 232-2535"
"498","HOWARD PARK ICE RINK","219 S SAINT LOUIS BLVD","SOUTH BEND","IN","46617","(574) 235-9451"
"499","NUEVA VIDA","2013 FORD ST","SOUTH BEND","IN","46619","(574) 339-8332"
"500","AMERICAN LEGION POST 50","1633 N BENDIX DR","SOUTH BEND","IN","46628","(574) 287-2696"
"501","SAINT MARY PARISH PNCC","1601 W SAMPLE ST","SOUTH BEND","IN","46619","(574) 233-1961"
"502","HAMILTON TRADITIONAL SCHOOL","1530 E JACKSON RD","SOUTH BEND","IN","46614","(574) 231-5689"
"503","HOOSIER TAP & GRILLE","718 W INDIANA AVE","SOUTH BEND","IN","46613","(574) 289-4318"
"504","INNISFREE BED & BREAKFAST","702 W COLFAX AVE","SOUTH BEND","IN","46601","(574) 283-0740"
"505","BREAD OF LIFE FREE FOOD KITCHE","2406 MISHAWAKA AVE","SOUTH BEND","IN","46615","(574) 327-5578"
"506","PARISI'S RESTAURANT","1412 SOUTH BEND AVE","SOUTH BEND","IN","46617","(574) 232-4244"
"507","NANDI CORP.  DBA 7-ELEVEN, INC","1233 N EDDY ST","SOUTH BEND","IN","46617","(574) 234-2571"
"508","ARI'S GRILL","1841 SOUTH BEND AVE","SOUTH BEND","IN","46637-5637","(574) 247-1780"
"509","REIN JUICERY","2036 SOUTH BEND AVE","SOUTH BEND","IN","46637","(574) 520-1874"
"510","SOUTHEAST LITTLE LEAGUE","455 S JACKSON ST","SOUTH BEND","IN","46614","(574) 231-9625"
"511","TIPPECANOE PLACE RESTAURANT","620 W WASHINGTON ST","SOUTH BEND","IN","46601","(574) 234-9077"
"512","MARTIN'S SUPER MARKETS #8","4401 W WESTERN AVE","SOUTH BEND","IN","46619","(574) 288-4854"
"513","BREADSMITH","2022 SOUTH BEND AVE","SOUTH BEND","IN","46637","(574) 273-9130"
"514","INDULGENCE PASTRY SHOP & CAFE","3622 EDISON RD","SOUTH BEND","IN","46615-3716","(574) 232-2955"
"515","TAQUERIA EL AGUILA","2208 W WESTERN AVE","SOUTH BEND","IN","46619","(574) 287-1537"
"516","EDDY STREET FOOD MART","334 N EDDY ST","SOUTH BEND","IN","46617-2301","(574) 387-5457"
"517","PANADERIA Y SUPERMERCADO SAN M","2712 W WESTERN AVE","SOUTH BEND","IN","46619","(574) 584-4456"
"518","THE VIEW TAVERN","515 E JEFFERSON BLVD","SOUTH BEND","IN","46601","(574) 288-8439"
"519","SOUTH BEND VESUVIOS","230 S MICHIGAN ST","SOUTH BEND","IN","46601","(574) 234-2183"
"520","BURGER DAIRY","4023 W SAMPLE ST","SOUTH BEND","IN","46637","(574) 288-0507"
"521","HUNGRY HOWIE'S PIZZA","2035 E IRELAND RD","SOUTH BEND","IN","46614","(574) 231-1100"
"522","SOUTH BEND MAENNERCHOR CLUB","219 SYCAMORE ST","SOUTH BEND","IN","46617","(574) 288-9343"
"523","EVANGEL HTS. UNITED METH. CHUR","114 N IRONWOOD DR","SOUTH BEND","IN","46615","(574) 234-8379"
"524","JENNY'S BAKERY","740 S WALNUT ST","SOUTH BEND","IN","46619","(574) 283-0211"
"525","JORDAN FISH AND CHICKEN INC","1107 LINCOLN WAY W","SOUTH BEND","IN","46616","(574) 386-6157"
"526","SAINT CASIMIR CATHOLIC CHURCH","1308 DUNHAM ST","SOUTH BEND","IN","46619","(574) 287-9551"
"527","TGI FRIDAY'S #2272","1240 E IRELAND RD","SOUTH BEND","IN","46614","(574) 291-9070"
"528","V.F.W. GOLDEN HILL POST 8748","718 JOHNSON ST","SOUTH BEND","IN","46628","(574) 232-2787"
"529","PAPA JOHN'S #1","1827 SOUTH BEND AVE","SOUTH BEND","IN","46637-5637","(574) 271-1177"
"530","VICTORY BAR INC","907 S MICHIGAN ST","SOUTH BEND","IN","46601","(574) 289-5212"
"531","THAT CHEESECAKE PLACE","3612 W WESTERN AVE","SOUTH BEND","IN","46619","(574) 288-4168"
"532","THE WELL @ RIVER PARK GRACE","2410 MISHAWAKA AVE","SOUTH BEND","IN","46615","(574) 387-2410"
"533","SUMMIT CLUB OF S.B., INC.","211 W WASHINGTON ST","SOUTH BEND","IN","46601","(574) 232-3081"
"534","OLIVER INN","630 W WASHINGTON ST","SOUTH BEND","IN","46601","(574) 232-4545"
"535","SMG F&B, LLC  (DBA SAVOR) @ CE","120 S SAINT JOSEPH ST","SOUTH BEND","IN","46601","(610) 729-7886"
"536","PEACHES, INC","1811 S MICHIGAN ST","SOUTH BEND","IN","46613","(574) 287-6933"
"537","ALEXANDER'S GRILL, INC.","1841 SOUTH BEND AVE","SOUTH BEND","IN","46637-5637","(574) 247-1780"
"538","DUCOMB CENTER","4161 LATHROP ST","SOUTH BEND","IN","46628","(574) 236-2137"
"539","WESTSIDE DEMOCRATIC CLUB","617 S WARREN ST","SOUTH BEND","IN","46619","(574) 287-4091"
"540","GREATER HOLY TEMPLE C.O.G.I.C.","710 NAPOLEON ST","SOUTH BEND","IN","46617","(574) 234-2351"
"541","DISMAS HOUSE OF SOUTH BEND","521 S SAINT JOSEPH ST","SOUTH BEND","IN","46601","(574) 233-8522"
"542","J & J CANDY","1416 1420 FASSNACHT AVE","SOUTH BEND","IN","46628","(574) 855-1927"
"543","TORCH LOUNGE, INC","1817 S MICHIGAN ST","SOUTH BEND","IN","46613","(574) 234-6863"
"544","MORRIS PARK COUNTRY CLUB","2200 MCKINLEY AVE","SOUTH BEND","IN","46615","(574) 233-9474"
"545","AIR HOST RESTAURANT & LOUNGE","4667 PROGRESS DR","SOUTH BEND","IN","46628","(574) 289-8786"
"546","SOUTH BEND QUARTET CHAPTER","2722 W WESTERN AVE","SOUTH BEND","IN","46619","(574) 288-7523"
"547","J J FISH-DO NOT USE","2324 LINCOLN WAY W","SOUTH BEND","IN","46628-2516","(574) 234-3660"
"548","FAITH UNITED METHODIST CHURCH","802 E EWING AVE","SOUTH BEND","IN","46613","(574) 288-1777"
"549","CALVARY BAPTIST CHURCH","3001 W CLEVELAND RD","SOUTH BEND","IN","46628","(574) 272-8334"
"550","GREATER ST JOHN MISSIONARY","101 N ADAMS ST","SOUTH BEND","IN","46628","(574) 232-6700"
"551","EUREST HONEYWELL","3520 WESTMOOR ST","SOUTH BEND","IN","46628-1373","(574) 231-2517"
"552","KELLY'S PETROLEUM","3301 PORTAGE AVE","SOUTH BEND","IN","46628","(574) 849-2999"
"553","POP STYLE","225 S MICHIGAN ST","SOUTH BEND","IN","46601","(574) 232-7895"
"554","ICHIBAN GOLDEN DRAGON","1733 SOUTH BEND AVE","SOUTH BEND","IN","46637","(574) 271-8899"
"555","NICK'S PATIO RESTAURANT","1710 N IRONWOOD DR","SOUTH BEND","IN","46635","(574) 277-7400"
"556","O'ROURKES PUBLIC HOUSE","1044 E ANGELA BLVD","SOUTH BEND","IN","46617","(574) 251-0355"
"557","RILEY HIGH SCHOOL CONCESSIONS","1902 FELLOWS ST","SOUTH BEND","IN","46613","(574) 233-9130"
"558","PERSONAL TOUCH","1740 SOUTH BEND AVE","SOUTH BEND","IN","46637","(574) 234-7579"
"559","NUNER PRIMARY SCHOOL","2716 PLEASANT ST","SOUTH BEND","IN","46615","(574) 283-7855"
"560","CAFE NAVARRE","101 N MICHIGAN ST","SOUTH BEND","IN","46601","(574) 968-8101"
"561","MIDWEST KOSHER & DELI","560 W IRELAND RD","SOUTH BEND","IN","46614","(757) 450-7540"
"562","ARBY'S ROAST BEEF #677","1807 LINCOLN WAY E","SOUTH BEND","IN","46613-3422","(574) 299-6487"
"563","OUR LADY OF HUNGARY SCHOOL","735 W CALVERT ST","SOUTH BEND","IN","46613","(574) 287-1700"
"564","ORIENTAL EXPRESS","1229 E IRELAND RD","SOUTH BEND","IN","46614-3448","(574) 291-5588"
"565","STARLITE PIZZA","932 E IRELAND RD","SOUTH BEND","IN","46614","(574) 291-5757"
"566","SOUTH BEND CHRIST TEMPLE COGIC","1212 S MICHIGAN ST","SOUTH BEND","IN","46601","(574) 233-9033"
"567","SUNNY ITALY CAFE","601 N NILES AVE","SOUTH BEND","IN","46617","(574) 262-9620"
"568","ATLAS INDIANA SOUTH BEND 196","6301 US 31 S","SOUTH BEND","IN","46614","(313) 662-3500"
"569","PIZZA HUT","5113 W WESTERN AVE","SOUTH BEND","IN","46619","(506) 328-4631"
"570","RALLY'S","2021 S MICHIGAN ST","SOUTH BEND","IN","46613","(574) 234-3407"
"571","BARBICI ITALIAN STREET FOOD","1233 N EDDY ST","SOUTH BEND","IN","46617","(574) 251-1330"
"572","SAYLOR'S PIZZA","1725 S MICHIGAN ST","SOUTH BEND","IN","46613","(574) 233-5935"
"573","PALACIO TROPICAL","2012 W WESTERN AVE","SOUTH BEND","IN","46619","(574) 288-9074"
"574","PEDRO'S FAMILY RESTAURNT","3314 PORTAGE AVE","SOUTH BEND","IN","46628","(574) 273-3124"
"575","INTERFAITH CHRISTIAN UNION","702 LINCOLN WAY W","SOUTH BEND","IN","46616-1122","(574) 287-4700"
"576","SAINT JOSEPH COUNTY JUVENILE J","1000 S MICHIGAN ST","SOUTH BEND","IN","46601","(574) 235-5402"
"577","LULA'S CAFE","1631 EDISON RD","SOUTH BEND","IN","46637","(574) 273-6216"
"578","LINDEN GRILL","4333 W WESTERN AVE","SOUTH BEND","IN","46619-2614","(574) 246-0250"
"579","SAINT JOSEPH COUNTY JAIL","401 W SAMPLE ST","SOUTH BEND","IN","46601","(574) 245-6508"
"580","7-ELEVEN #18316","1827 MIAMI ST","SOUTH BEND","IN","46613","(574) 232-0707"
"581","JIMMY JOHNS GOURMET SANDWICHES","1290 E IRELAND RD","SOUTH BEND","IN","46614","(574) 291-1900"
"582","MICHIANA VESUVIOS","117 E WAYNE ST","SOUTH BEND","IN","46601","(574) 234-2183"
"583","CHRISTY'S PLACE","2018 W WESTERN AVE","SOUTH BEND","IN","46619","(574) 201-2067"
"584","O G CHINESE RESTAURANT","1341 PORTAGE AVE","SOUTH BEND","IN","46680","(574) 289-8899"
"585","ROCCO'S RESTAURANT","537 N SAINT LOUIS BLVD","SOUTH BEND","IN","46617","(574) 233-2464"
"586","JAN MARIE'S PORTAGE AVE CAFE","1519 PORTAGE AVE","SOUTH BEND","IN","46617","(574) 234-5555"
"587","MARSHALL INTERMEDIATE SCHOOL","1433 BYRON DR","SOUTH BEND","IN","46614","(574) 231-5827"
"588","JULIOS RESTAURANT MEXICAN FOOD","1724 N IRONWOOD DR","SOUTH BEND","IN","46635","(574) 271-9820"
"589","THE ORIGINAL PANCAKE HOUSE","1430 N IRONWOOD DR","SOUTH BEND","IN","46635","(574) 232-3220"
"590","GREATER NEW JERUSALEM M.B. CHU","1635 LINDEN AVE","SOUTH BEND","IN","46628","(574) 315-4330"
"591","MARQUETTE MONTESSORI SCHOOL","1818 BERGAN ST","SOUTH BEND","IN","46628","(574) 283-8397"
"592","CAREER ACADEMY SOUTH BEND","3801 CRESCENT CIR","SOUTH BEND","IN","46628","(574) 299-9800"
"593","PILOT TRAVEL CENTER #035","6424 W BRICK RD","SOUTH BEND","IN","46628","(865) 588-7488"
"594","MOONDOG'S PUB","4407 S IRONWOOD DR","SOUTH BEND","IN","46614","(574) 291-6544"
"595","MADISON PRIMARY SCHOOL","832 N LAFAYETTE BLVD","SOUTH BEND","IN","46601","(574) 283-5352"
"596","STUDEBAGELS","1801 SOUTH BEND AVE","SOUTH BEND","IN","46637","(574) 277-4440"
"597","BENDIX FAMILY RESTAURANT","4920 W WESTERN AVE","SOUTH BEND","IN","46601","(574) 287-3037"
"598","LAFAYETTE TRADITIONAL SCHOOL","245 N LOMBARDY DR","SOUTH BEND","IN","46624","(574) 283-8657"
"599","CIAO'S LOUNGE","119 N MICHIGAN ST","SOUTH BEND","IN","46601","(574) 289-2426"
"600","JEFFERSON INTERMEDIATE SCHOOL","528 S EDDY ST","SOUTH BEND","IN","46617","(574) 283-8726"
"601","CHICK-FIL-A","215 S SAINT JOSEPH ST","SOUTH BEND","IN","46601","(574) 283-8126"
"602","MINI MART","3227 W SAMPLE ST","SOUTH BEND","IN","46619","(574) 288-7790"
"603","LINCOLN PRIMARY SCHOOL","1425 E CALVERT ST","SOUTH BEND","IN","46613","(574) 283-8988"
"604","MARINE CORPS LEAGUE","539 PARRY ST","SOUTH BEND","IN","46617","(574) 233-0253"
"605","7-ELEVEN #32573B","501 E LASALLE AVE","SOUTH BEND","IN","46617","(574) 234-5221"
"606","JACKSON INTERMEDIATE SCHOOL","5001 MIAMI ST","SOUTH BEND","IN","46614","(574) 231-5654"
"607","EL PARAISO","425 S MAIN ST","SOUTH BEND","IN","46601","(574) 234-1546"
"608","DAVE'S PUB","3013 MISHAWAKA AVE","SOUTH BEND","IN","46615","(574) 237-9195"
"609","KING'S EXPRESS","3601 EDISON RD","SOUTH BEND","IN","46615","(574) 271-8811"
"610","DICKINSON FINE ARTS ACADEMY","4404 ELWOOD AVE","SOUTH BEND","IN","46624","(574) 283-7634"
"611","SAINTS MEMORIAL C.O.G.I.C.","323 LIBERTY ST","SOUTH BEND","IN","46619-2044","(574) 289-5060"
"612","SUBWAY","1615 PORTAGE AVE","SOUTH BEND","IN","46616","(574) 289-0000"
"613","BOBO'S MAXWELL SUPREME","601 E JEFFERSON BLVD","SOUTH BEND","IN","46614","(773) 818-3408"
"614","POPEYE'S LOUISIANA KITCHEN","2605 LINCOLN WAY W","SOUTH BEND","IN","46628-1937","(574) 232-0000"
"615","COQUILLARD PRIMARY CENTER","1245 N SHERIDAN ST","SOUTH BEND","IN","46628","(574) 283-8617"
"616","BROWN INTERMEDIATE SCHOOL","737 BEALE ST","SOUTH BEND","IN","46616","(574) 284-1206"
"617","JIMMY JOHNS","3600 PORTAGE AVE","SOUTH BEND","IN","46628","(574) 273-8000"
"618","JOHN ADAMS HIGH SCHOOL","808 S TWYCKENHAM DR","SOUTH BEND","IN","46624","(574) 283-7724"
"619","CAPONE'S","2018 W WESTERN AVE","SOUTH BEND","IN","46619","(574) 307-3138"
"620","BISTRO ON THE RACE","501 N NILES AVE","SOUTH BEND","IN","46617","(574) 233-5000"
"621","WENDY'S #563","4227 S MICHIGAN ST","SOUTH BEND","IN","46614","(574) 291-6171"
"622","APOSTOLIC TEMPLE CHURCH","2221 S IRONWOOD DR","SOUTH BEND","IN","46613","(574) 289-3150"
"623","SAINT JOSEPH SCHOOL","216 N HILL ST","SOUTH BEND","IN","46617","(574) 234-0451"
"624","CORPUS CHRISTI CHURCH","2822 CORPUS CHRISTI DR","SOUTH BEND","IN","46628","(574) 272-9982"
"625","YODER MART EXPRESS #9","1245 E IRELAND RD","SOUTH BEND","IN","46614","(574) 299-0666"
"626","ARBY'S ROAST BEEF #1157","3425 LINCOLN WAY W","SOUTH BEND","IN","46628-1454","(574) 233-5592"
"627","J W CHEN'S CHINESE CUISINE","1835 SOUTH BEND AVE","SOUTH BEND","IN","46637-5637","(574) 271-2777"
"628","PENTECOSTAL CATHEDRAL CHURCH","1025 W WESTERN AVE","SOUTH BEND","IN","46601-2751","(574) 232-4253"
"629","VIP WOMANS SOUL FOOD CARRY OUT","342 LINCOLN WAY W","SOUTH BEND","IN","46601","(574) 233-3926"
"630","CATHEDRAL OF ST JAMES","117 N LAFAYETTE BLVD","SOUTH BEND","IN","46601","(574) 232-4837"
"631","BENDIX RESTAURANT","1529 MIAMI ST","SOUTH BEND","IN","46613","(574) 232-7688"
"632","SOUTHSIDE CHRISTIAN CHURCH","1329 E JACKSON RD","SOUTH BEND","IN","46614","(574) 292-1156"
"633","SHRIMP MAX OF SOUTH BEND INC","4712 W WESTERN AVE","SOUTH BEND","IN","46619-2306","(574) 234-6666"
"634","KWIK MART","2603 S MICHIGAN ST","SOUTH BEND","IN","46614","(574) 289-1860"
"635","POTAWATOMI POOL CONCESSION","2000 WALL ST","SOUTH BEND","IN","46615","(574) 235-9438"
"636","SUBWAY","3301 LINCOLN WAY W","SOUTH BEND","IN","46628","(574) 855-1449"
"637","QUIZNO'S SUB","3903 PORTAGE AVE","SOUTH BEND","IN","46628","(574) 272-2730"
"638","GOOD SHEPHERD MONTESSORI SCHOO","1101 E JEFFERSON BLVD","SOUTH BEND","IN","46617","(574) 288-0098"
"639","BLUE HERON, INC","5440 NIMTZ PKWY","SOUTH BEND","IN","46628-6115","(574) 233-3091"
"640","BARNABY'S","713 E JEFFERSON BLVD","SOUTH BEND","IN","46617","(574) 288-4981"
"641","CHIPOTLE MEXICAN GRILL","1251 N EDDY ST","SOUTH BEND","IN","46617","(303) 390-5621"
"642","SUBWAY OF SOUTH BEND IX, INC","5316 W WESTERN AVE","SOUTH BEND","IN","46614","(574) 234-4338"
"643","HOLY CROSS SCHOOL","1020 WILBER ST","SOUTH BEND","IN","46628","(574) 233-2179"
"644","THAI LAO & PHILIPPINE CUISINE","1105 NORTHSIDE BLVD","SOUTH BEND","IN","46615","(574) 514-2534"
"645","KING GYROS OF SOUTH BEND","5105 W WESTERN AVE","SOUTH BEND","IN","46619","(574) 288-7010"
"646","JAMBA JUICE","1234 N EDDY ST","SOUTH BEND","IN","46617","(574) 232-0970"
"647","ATLAS #198  /  SUBWAY","3301 PORTAGE AVE","SOUTH BEND","IN","46628","(313) 662-3500"
"648","SIMERI'S OLD TOWN TAP INC","1505 W INDIANA AVE","SOUTH BEND","IN","46613","(574) 289-1361"
"649","AKASHDEEP PETROLEUM INC. DBA A","2130 MISHAWAKA AVE","SOUTH BEND","IN","46615-1625","(574) 234-8444"
"650","SUBWAY OF SOUTH BEND VII, INC","3701 PORTAGE AVE","SOUTH BEND","IN","46628","(574) 271-6807"
"651","JEANNIE'S TAVERN","621 S BENDIX DR","SOUTH BEND","IN","46619","(574) 288-2962"
"652","SOUTH BEND CHOCOLATE CO.","122 S MICHIGAN ST","SOUTH BEND","IN","46601","(574) 233-2577"
"653","SUBWAY OF SOUTH BEND VI, INC","135 E IRELAND RD","SOUTH BEND","IN","46614","(574) 299-8306"
"654","MCCLURE OIL #50","2304 EDISON RD","SOUTH BEND","IN","46615","(765) 677-9021"
"655","SIMS SHAVED ICE LLC / KONA ICE","0 OUTSIDE CITY LIMITS","SOUTH BEND","IN","46601","(574) 274-7329"
"656","AMVETS POST #66","1606 W WESTERN AVE","SOUTH BEND","IN","46619","(574) 286-0487"
"657","M R FALCON'S","3212 KELLER ST","SOUTH BEND","IN","46628","(574) 288-1090"
"658","CORBY'S LOUNGE, INC","441 E LASALLE AVE","SOUTH BEND","IN","46601","(574) 233-5326"
"659","FOOD MART","3601 W WESTERN AVE","SOUTH BEND","IN","46619","(574) 233-0099"
"660","KFC","3924 PORTAGE AVE","SOUTH BEND","IN","46628","(269) 683-8666"
"661","AIR HOST COFFEE SHOP-DONT USE","4467 TERMINAL DR","SOUTH BEND","IN","46628","(574) 289-8786"
"662","CLUB LANDING","1717 LINCOLN WAY E","SOUTH BEND","IN","46613-3420","(574) 289-4122"
"663","LOCOS MEXICAN RESTAURANT","3801 W WESTERN AVE","SOUTH BEND","IN","46619","(574) 287-0020"
"664","CANTEEN SERVICES","4402 TECHNOLOGY DR","SOUTH BEND","IN","46628","(574) 234-7650"
"665","WHITE HOUSE","1444 MISHAWAKA AVE","SOUTH BEND","IN","46615","(574) 289-8061"
"666","LONG JOHN SILVER'S #43","319 N HICKORY RD","SOUTH BEND","IN","46615-3303","(574) 288-6847"
"667","LINCOLNWAY MINI MART INC.","705 LINCOLN WAY W","SOUTH BEND","IN","46616-1123","(574) 288-5030"
"668","GRACE UNITED METH. CHURCH","3012 S TWYCKENHAM DR","SOUTH BEND","IN","46614-2118","(574) 288-4789"
"669","MANDARIN HOUSE RESTAURANT","2104 EDISON RD","SOUTH BEND","IN","46615","(572) 287-4414"
"670","DAINTY MAID BAKE SHOP, INC","231 S MICHIGAN ST","SOUTH BEND","IN","46601","(574) 232-8219"
"671","LB FOOD MART INC.","1623 LINCOLN WAY W","SOUTH BEND","IN","46628-2615","(574) 233-4168"
"672","CHRIS' DISHES","112 W COLFAX AVE","SOUTH BEND","IN","46601","(574) 315-3708"
"673","FINNIES NEXT DOOR","233 S MAIN ST","SOUTH BEND","IN","46601-2111","(574) 404-6100"
"674","7-ELEVEN #32587","901 S MAYFLOWER RD","SOUTH BEND","IN","46615","(574) 287-8814"
"675","MACRI'S BAKERY & DELI","214 N NILES AVE","SOUTH BEND","IN","46617","(574) 282-1010"
"676","SUBWAY OF SOUTH BEND V, INC","113 W WASHINGTON ST","SOUTH BEND","IN","46601","(574) 289-1288"
"677","BLACKTHORN GOLF CLUB","6100 NIMTZ PKWY","SOUTH BEND","IN","46628-6111","(574) 232-4653"
"678","FRENCHIES","230 S MICHIGAN ST","SOUTH BEND","IN","46601","(574) 215-8897"
"679","MY PLACE ENTERPRISES","1509 PORTAGE AVE","SOUTH BEND","IN","46616","(574) 233-0157"
"680","MAXI'S FOOD & SPIRITS","114 W IRELAND RD","SOUTH BEND","IN","46614","(574) 291-9181"
"681","I & M DELI","702 LINCOLN WAY E","SOUTH BEND","IN","46601-3223","(574) 232-6341"
"682","FAITH BAPTIST CHURCH OF S.B.","1002 BLAINE AVE","SOUTH BEND","IN","46616","(574) 233-6428"
"683","EINSTEIN BROS. BAGELS","2019 SOUTH BEND AVE","SOUTH BEND","IN","46637","(574) 272-2622"
"684","KNIGHTS OF COLUMBUS #5570","5202 LINDEN AVE","SOUTH BEND","IN","46628","(574) 233-9717"
"685","WISEGUYS","3421 W SAMPLE ST","SOUTH BEND","IN","46619","(574) 234-2670"
"686","ANGELOS FAMILY RESTAURANT","4301 S MICHIGAN ST","SOUTH BEND","IN","46614","(574) 299-9614"
"687","SUNRISE CAFE","1805 LINCOLN WAY W","SOUTH BEND","IN","46628","(574) 232-2323"
"688","BOB'S PUB/RETO, INC","1406 PORTAGE AVE","SOUTH BEND","IN","46616","(574) 233-0635"
"689","GREEN STAR CAFE","1605 MIAMI ST","SOUTH BEND","IN","46613-2817","(574) 287-9606"
"690","WAKA DOG CAFE","1809 SOUTH BEND AVE","SOUTH BEND","IN","46637-5637","(574) 252-4627"
"691","LA ESPERANZA, LLC","1636 N IRONWOOD DR","SOUTH BEND","IN","46637","(574) 273-0345"
"692","MC DONALD'S 25100","3402 PORTAGE AVE","SOUTH BEND","IN","46628","(574) 273-4907"
"693","MEIJER GAS STATION #120","3600 PORTAGE AVE","SOUTH BEND","IN","46628","(574) 273-3400"
"694","SPEEDWAY #6636","1110 E IRELAND RD","SOUTH BEND","IN","46614","(574) 291-0395"
"695","BRUNO'S ORIGINAL PIZZA","2610 PRAIRIE AVE","SOUTH BEND","IN","46614","(574) 288-3320"
"696","BILL'S PLACE RESTAURANT","2105 W WESTERN AVE","SOUTH BEND","IN","46619","(574) 282-2002"
"697","LITTLE CAESARS PIZZA","4329 W WESTERN AVE","SOUTH BEND","IN","46619","(574) 855-3654"
"698","KFC #182","4207 S MICHIGAN ST","SOUTH BEND","IN","46614","(574) 291-0083"
"699","SAINT JOHN THE BAPTIST CATHOLI","3616 SAINT JOHNS WAY","SOUTH BEND","IN","46628","(574) 232-9849"
"700","KFC #183","5011 W WESTERN AVE","SOUTH BEND","IN","46601","(574) 287-7676"
"701","NO. 1 CHINESE RESTAURANT","301 S MICHIGAN ST","SOUTH BEND","IN","46601","(574) 234-8888"
"702","MUESSEL PRIMARY SCHOOL","1021 BLAINE AVE","SOUTH BEND","IN","46616","(574) 283-7809"
"703","CJ'S PUB","236 S MICHIGAN ST","SOUTH BEND","IN","46601","(574) 233-5981"
"704","HACIENDA MEXICAN RESTAURANT","4650 MIAMI ST","SOUTH BEND","IN","46614","(574) 291-2566"
"705","BROADWAY CHRISTIAN PARISH","1412 CARROLL ST","SOUTH BEND","IN","46613","(574) 289-0333"
"706","SPEEDWAY #6620","1706 SOUTH BEND AVE","SOUTH BEND","IN","46635","(574) 271-8385"
"707","ST JOSEPH CATHOLIC CHURCH","211 N HILL ST","SOUTH BEND","IN","46617","(574) 234-3134"
"708","ELIA'S INC","2128 SOUTH BEND AVE","SOUTH BEND","IN","46637","(574) 277-7239"
"709","GARDEN WOK","919 N BENDIX DR","SOUTH BEND","IN","46628","(574) 287-6633"
"710","EVANGELICAL COVENANT CHURCH","3025 EDISON RD","SOUTH BEND","IN","46615","(574) 234-5619"
"711","MC DONALD'S 3597","4711 MIAMI ST","SOUTH BEND","IN","46614","(574) 291-8838"
"712","REAL SERVICES, INC.","121 GARST ST","SOUTH BEND","IN","46634","(574) 256-1649"
"713","OSBORN'S MINI MART #3","6301 US 31 S","SOUTH BEND","IN","46614","(574) 299-1698"
"714","SAMUEL MANCINO'S","910 ERSKINE PLZ","SOUTH BEND","IN","46614","(574) 231-9940"
"715","KROGER J-903","1217 E IRELAND RD","SOUTH BEND","IN","46614-3448","(574) 291-0666"
"716","EAST BANK EMPORIUM","121 S NILES AVE","SOUTH BEND","IN","46601","(574) 234-9000"
"717","NUEVO TIJUANA RESTAURANT","1116 S MAIN ST","SOUTH BEND","IN","46619","(574) 289-6136"
"718","SUPER 8 MOTEL","4124 AMERITECH DR","SOUTH BEND","IN","46628","(574) 243-0200"
"719","MC DONALD'S 4584","1519 N IRONWOOD DR","SOUTH BEND","IN","46635","(574) 277-0193"
"720","KING GYROS OF LINCOLNWAY WEST","3417 LINCOLN WAY W","SOUTH BEND","IN","46628","(574) 232-8901"
"721","LIFE TREATMENT CENTERS","1402 S MICHIGAN ST","SOUTH BEND","IN","46628","(574) 233-5433"
"722","PROVIDENT MINISTRIES, LTD","3402 S LOCUST RD","SOUTH BEND","IN","46614","(574) 968-1566"
"723","STUDEBAKER CATERING","620 W WASHINGTON ST","SOUTH BEND","IN","46601","(574) 234-0030"
"724","MARTIN'S SUPER MARKETS #11","926 ERSKINE PLZ","SOUTH BEND","IN","46614","(574) 291-3571"
"725","WENDY'S #3027","4227 S MICHIGAN ST","SOUTH BEND","IN","46614","(574) 291-6171"
"726","KENNEDY PRIMARY ACADEMY","609 N OLIVE ST","SOUTH BEND","IN","46624","(574) 283-7463"
"727","FRICK'S DAIRY QUEEN","3907 S MICHIGAN ST","SOUTH BEND","IN","46614","(574) 291-2330"
"728","CRE-ASIAN","1639 N IRONWOOD DR","SOUTH BEND","IN","46637","(574) 247-3000"
"729","HONKER'S RESTAURANT","3939 S MICHIGAN ST","SOUTH BEND","IN","46614","(574) 291-2115"
"730","TOM & LIN'S KITCHENETTE","2221 S MICHIGAN ST","SOUTH BEND","IN","46613","(574) 289-1513"
"731","LA MAREA BAR","3401 W WESTERN AVE","SOUTH BEND","IN","46619","(574) 329-2055"
"732","FARMER'S MARKET CAFE","1105 NORTHSIDE BLVD","SOUTH BEND","IN","46615","(574) 282-1259"
"733","NICOLA'S, LLC","1705 SOUTH BEND AVE","SOUTH BEND","IN","46637","(574) 277-5666"
"734","ST VINCENT DE PAUL SOCIETY OF","520 CRESCENT AVE","SOUTH BEND","IN","46617","(574) 234-6000"
"735","MASTERPIECE CREATIONS/PALAIS","105 W COLFAX AVE","SOUTH BEND","IN","46601","(574) 235-5583"
"736","LOW BOBS EXPRESS","4505 AMERITECH DR","SOUTH BEND","IN","46628","(574) 243-5392"
"737","BURGER KING #3722","121 W LASALLE AVE","SOUTH BEND","IN","46601","(574) 233-8651"
"738","BURGER KING #6574","4852 W WESTERN AVE","SOUTH BEND","IN","46619-2308","(574) 232-3622"
"739","TOSCANA PIZZA & PASTA","1724 N IRONWOOD DR","SOUTH BEND","IN","46635","(574) 247-7010"
"740","ELEVEN-FORTY CAFE","1140 W WESTERN AVE","SOUTH BEND","IN","46619","(574) 233-1680"
"741","TACO BELL OF AMERICA LLC #1739","231 E IRELAND RD","SOUTH BEND","IN","46614","(317) 596-3260"
"742","ONE STOP #1","209 W SAMPLE ST","SOUTH BEND","IN","46601","(574) 246-9740"
"743","OLIVE STREET VARIETY STORE","229 N OLIVE ST","SOUTH BEND","IN","46628","(574) 233-9377"
"744","BURGER KING #7055","2171 SOUTH BEND AVE","SOUTH BEND","IN","46637","(574) 273-2220"
"745","AMER. LEGION PULASKI POST 357","5414 W SAMPLE ST","SOUTH BEND","IN","46619","(574) 234-5073"
"746","THYME OF GRACE","2714 MISHAWAKA AVE","SOUTH BEND","IN","46615","(574) 288-0552"
"747","MARTIN'S SUPER MARKETS #1","1302 ELWOOD AVE","SOUTH BEND","IN","46680","(574) 233-8229"
"748","CANTEEN VENDING - DONT USE","4402 TECHNOLOGY DR","SOUTH BEND","IN","46628","(800) 234-7650"
"749","NAVARRE CATERING - DBA PALAIS","105 W COLFAX AVE","SOUTH BEND","IN","46601","(574) 235-5612"
"750","NEVERIA TRES MANGOS DE MICHOAC","2102 W WESTERN AVE","SOUTH BEND","IN","46619","(708) 224-3140"
"751","YUMMY CUPCAKES","119 S MICHIGAN ST","SOUTH BEND","IN","46601","(574) 289-8669"
"752","THE LOUVERED DOOR","1622 W WESTERN AVE","SOUTH BEND","IN","46619","(574) 237-9170"
"753","PEDDLER'S PUB","904 E IRELAND RD","SOUTH BEND","IN","46614","(574) 291-9192"
"754","FRIENDS FOOD MART INC - DBA","3601 W WESTERN AVE","SOUTH BEND","IN","46619","(574) 233-0099"
"755","LANE'S DAIRY QUEEN BRAZIER","2015 SOUTH BEND AVE","SOUTH BEND","IN","46637","(574) 271-1102"
"756","JEANNIES WHITE HOUSE LLC","1444 MISHAWAKA AVE","SOUTH BEND","IN","46615","(574) 855-4423"
"757","THE EXCHANGE","112 W JEFFERSON BLVD","SOUTH BEND","IN","46601","(574) 310-8999"
"758","R & J QUICK MART","1956 E EWING AVE","SOUTH BEND","IN","46613","(574) 282-1133"
"759","LET'S SPOON FROZEN YOGURT / CL","1290 E IRELAND RD","SOUTH BEND","IN","46614","(574) 243-5847"
"760","BELIEVERS C.O.G.I.C.","2049 PRAIRIE AVE","SOUTH BEND","IN","46613","(574) 233-3353"
"761","INN ON HISTORIC W WASHINGTON","322 W WASHINGTON ST","SOUTH BEND","IN","46601","(574) 288-4089"
"762","LA RIVERA","1740 SOUTH BEND AVE","SOUTH BEND","IN","46637","(574) 256-8248"
"763","SUPERMERCADO GUERITO","454 S CARLISLE ST","SOUTH BEND","IN","46619","(574) 234-7170"
